id,Pred
1,23
10004,23
10006,69
10009,76
10020,92
10022,112
1003,55
10034,124
10041,104
10048,63
10050,25
10058,48
10060,115
10064,93
10065,51
10078,28
10079,89
10089,85
10090,17
10094,103
10098,47
1011,39
10124,50
10125,112
10126,13
10132,25
10134,68
10136,65
10139,63
10143,95
10146,109
10152,62
10153,72
10154,35
10168,125
10171,121
10176,17
10179,108
10186,25
10197,81
102,122
10215,7
10216,87
10220,22
10222,70
10237,15
10243,20
10246,52
10249,97
10251,29
1026,108
10261,71
10262,50
10270,120
10276,10
10280,4
10287,43
10288,7
10293,15
10295,28
10299,124
10300,54
10302,45
10304,56
10306,15
10308,86
10309,62
10310,111
10319,13
10323,48
10339,98
10352,67
1036,67
10360,90
10373,49
10379,37
10385,82
10407,95
10409,3
1041,86
10410,12
10422,52
10429,100
10432,6
10433,45
10435,77
10441,1
10450,54
10463,8
10473,74
10489,111
10496,49
1050,21
10513,7
10514,50
10517,39
10525,75
1053,83
10541,108
10543,69
10545,18
1055,29
10556,122
10565,60
10570,43
10574,124
10575,50
10576,76
10577,83
10584,102
1059,72
10591,111
10593,121
10602,68
10612,120
10614,53
10620,50
10635,125
10638,124
10644,123
10645,84
10646,106
10652,32
10655,49
10656,70
10661,104
10665,44
10667,99
10669,84
10670,67
1068,87
10681,124
10687,125
10692,85
10695,56
10699,68
10701,53
10709,99
10719,62
10720,12
10721,59
10728,51
10729,34
10730,95
10731,2
10734,103
10739,124
10743,65
10749,24
10766,89
10767,122
10769,79
10777,91
10796,57
10798,66
10799,71
10805,93
10809,9
10810,42
10824,65
10830,0
10834,110
10836,74
1084,45
10841,70
10843,48
10845,27
1085,97
10851,119
10864,89
10867,69
10868,14
10883,118
10891,38
10906,16
10907,117
10908,125
10914,75
10916,99
10919,107
10920,75
10926,58
10927,54
10930,123
10937,46
10943,48
10950,52
10951,109
10953,8
10954,102
10955,104
10959,113
10960,2
10962,46
1098,122
10988,14
10992,6
10995,75
10996,3
10998,25
11001,120
11002,73
11005,63
11007,88
11011,74
11012,50
11013,19
11019,18
11020,101
11023,48
11030,119
11035,6
11041,1
11048,91
11058,34
11065,10
11068,100
11075,50
11076,114
11078,106
11080,67
11086,63
11089,118
11090,45
11093,44
11095,98
11101,39
11103,113
11112,69
11122,63
11125,108
11130,93
11138,62
11139,95
11149,13
11150,7
11155,68
11156,61
11159,65
1116,73
11161,83
11163,91
11167,35
11168,87
11169,17
11173,0
11175,96
11184,31
11193,80
11194,5
11197,89
11199,89
112,53
11204,13
11214,47
11215,85
11216,85
11217,52
1122,14
11227,86
11228,52
11236,61
11245,17
11248,98
11251,97
11264,32
11272,119
11278,0
11283,11
11288,65
11290,72
11291,97
11293,123
113,43
11302,117
11303,51
11307,14
11309,99
11315,113
11325,93
11328,103
11329,115
11330,81
11331,103
11335,57
11337,44
11338,84
11341,86
11352,51
11353,90
11355,25
11356,90
11359,59
11361,109
11367,99
11373,22
11376,86
11381,118
11386,15
11388,63
11398,21
11400,5
11401,100
11407,102
1141,4
11410,58
11414,87
11417,110
11418,45
11424,39
11427,79
1143,108
11432,43
11433,124
11439,26
11451,46
11455,87
11460,57
1147,115
11476,109
11479,13
11485,23
11491,114
11494,49
1150,66
11507,58
11509,42
1151,27
11510,53
11516,58
11520,98
11527,3
1153,52
11531,22
11536,10
1154,109
11542,90
11546,111
11550,68
11553,92
11554,71
11568,53
11595,44
11599,37
11600,63
11601,54
11611,17
11617,33
11628,47
11640,52
11643,71
11646,52
11655,0
11666,123
1167,42
11676,59
11680,1
11682,70
1169,29
11693,16
11696,15
11700,52
11707,73
11709,25
11719,9
1172,32
11724,4
1173,22
11735,30
11739,80
1174,79
11740,92
11747,69
11751,18
11755,83
11757,51
11758,38
11762,112
11763,63
11764,20
11766,36
11770,41
11788,64
11795,47
11799,108
11800,29
11812,87
11813,39
11814,30
11817,77
11833,31
1184,20
11840,38
11861,8
11863,54
11864,47
11884,108
11886,57
11891,104
11894,120
11899,98
1190,51
11901,33
11902,36
11908,77
11916,120
11918,119
11919,2
11920,115
11921,119
11923,122
11924,91
11933,44
11936,95
11951,10
11955,26
11959,7
11965,84
11969,70
11972,27
11974,52
11985,94
11989,115
11994,37
12,39
120,18
12001,56
12003,56
12009,51
12013,46
1202,91
12022,44
12026,118
12035,58
12047,106
12049,15
12056,53
1206,56
12075,124
12077,44
12078,89
12079,67
12087,62
1209,75
12096,123
12102,14
12110,28
12113,76
12114,101
12115,52
12117,76
1212,92
12120,8
12124,18
12125,28
12128,62
12129,73
12132,71
12133,108
12135,107
1214,63
12140,8
12144,97
12146,19
12171,32
12173,12
12177,121
12180,47
12189,17
1219,67
12190,36
12191,61
12192,4
12198,4
12206,12
12208,122
12221,9
12227,18
12235,8
12236,5
12240,121
12241,51
12253,65
12258,100
1226,40
12262,93
12266,12
12267,108
12270,74
12272,81
12274,7
12280,61
12281,118
12284,120
12287,117
12289,43
12295,9
123,15
12303,28
12304,49
1231,51
12312,108
12316,106
1232,101
12339,31
12340,107
12345,113
12347,22
12348,111
12350,49
12353,19
12354,28
12356,13
12358,30
12362,85
12363,47
12375,123
12378,36
12390,7
12393,42
12400,21
12402,107
12403,55
12407,76
12408,108
12410,29
12413,74
12416,51
12417,6
1242,105
12420,29
12431,105
12432,53
12434,4
12439,20
12442,14
12446,11
12450,52
12461,30
12462,80
12469,31
1247,43
12479,52
12480,23
12488,27
12491,20
12493,13
1250,9
12501,36
12506,73
12517,11
12521,0
12526,70
12535,99
12536,11
12553,75
12554,100
12559,45
1256,22
12564,20
12565,112
12568,88
1257,28
12575,14
12585,42
12587,91
12588,47
12592,92
126,40
1260,2
12600,115
12601,62
12606,72
12607,110
12609,93
1261,21
12614,27
12625,58
12646,21
12650,64
12657,110
12659,95
12665,10
12668,45
12672,47
12673,110
12689,33
12693,52
12694,74
12697,88
12702,31
12704,45
12723,31
12724,80
12726,23
12727,83
12733,93
12740,123
12745,18
1275,77
12751,56
12756,96
1276,25
12761,118
12773,45
12777,76
1278,3
12785,114
12792,103
12795,31
12798,32
12799,115
12805,66
12810,118
12812,29
12817,123
12818,72
12819,80
12820,55
12821,87
12827,15
12834,99
12838,30
12851,8
12855,82
12856,38
12861,68
12872,51
12873,41
12877,28
12886,16
12893,75
12897,107
129,40
12900,75
12901,22
12902,120
12907,59
12910,13
12911,124
12916,95
12917,10
12934,98
12940,100
12942,81
12947,41
12949,43
12962,29
1297,41
12970,81
12971,57
12977,87
12979,38
12980,121
12989,24
12993,45
12994,91
130,92
13009,48
1301,113
13011,55
13025,21
13026,53
13027,17
13031,112
1304,14
13041,37
13044,94
13052,63
13053,11
13063,99
13067,59
13069,117
13074,104
13075,113
13076,89
13079,4
13092,98
13094,65
13096,9
13098,64
13104,70
13108,48
13118,2
13121,58
13126,2
13131,24
13136,22
13137,114
13147,53
13150,31
13161,28
13167,44
13171,20
13181,26
13186,37
13189,28
13190,108
13194,40
13199,59
13200,53
13204,94
1321,123
13218,56
1322,92
13222,84
13229,41
13231,72
13238,14
13243,92
13246,19
13250,4
13266,40
13289,97
1329,113
13292,99
13293,98
13294,95
13295,16
13297,121
13298,20
133,77
13305,0
13308,5
13322,100
13330,33
13331,19
13332,29
13337,2
13349,82
13351,125
13357,82
13363,45
13368,54
13373,32
13375,30
13397,5
13401,17
13408,46
13410,65
13417,91
13420,47
13427,87
13432,64
13433,96
13436,91
13438,92
13440,29
13465,79
13466,96
1347,18
13473,110
13476,116
13477,35
1348,115
13483,62
13487,52
1349,28
13497,112
13498,45
13501,98
13502,45
13504,58
13506,7
13509,120
13511,28
13514,66
13521,35
13529,100
13531,30
13534,88
13535,115
13539,121
13550,12
13553,111
13561,104
13569,79
1357,69
13575,48
13593,113
1360,77
13603,41
13607,18
13609,54
13618,83
13619,51
1362,88
13624,8
13630,64
13638,75
13639,17
1364,57
13643,100
13644,20
13649,118
13658,93
1366,76
13671,113
13686,65
13691,51
13692,121
13694,22
13698,106
1370,33
13706,50
13716,117
13717,83
13719,9
13737,21
13744,28
13751,61
13760,29
13761,113
13764,40
13768,15
13769,19
13775,34
13786,71
13792,120
13798,122
13802,16
13812,81
13815,112
13817,66
13824,34
13825,43
13832,38
13833,118
13840,39
13849,43
1386,49
13864,1
13872,95
13876,97
13877,83
13883,33
13884,10
13901,120
13902,97
13905,77
13910,12
13915,103
13929,88
13935,88
13957,7
13958,0
13967,85
13979,79
13986,55
13989,57
1399,89
13990,31
13991,71
14000,95
14003,113
14005,90
14011,65
14013,91
14017,120
1402,11
14030,21
14035,72
1404,16
14055,44
14059,103
1406,51
14064,120
14073,78
1408,21
14089,124
14090,12
14099,86
14100,30
14101,34
14102,11
14112,124
14116,47
14117,66
1412,11
14124,121
14127,92
14128,10
14132,16
14133,6
14136,6
14147,95
14157,66
14161,71
14163,88
1417,11
14178,1
14181,123
14182,65
14193,58
14194,59
14198,59
14201,24
14203,34
14217,37
14218,88
14219,34
14220,83
14228,98
14236,87
14237,59
14246,66
14247,96
14249,20
14254,94
14257,24
14262,48
14264,122
14266,48
14276,57
14277,100
14284,69
14287,56
14288,84
14290,26
14294,27
14297,70
143,16
14300,47
14304,104
14307,30
14308,78
1431,17
14311,21
14316,53
14326,113
14330,54
14335,75
14337,68
14338,30
14343,105
14344,36
14354,90
14357,70
14361,81
14365,112
14369,83
1437,63
14370,61
14378,53
14381,12
14387,3
14394,121
14395,29
14401,112
14406,43
14412,9
14415,47
1442,115
14421,94
14425,93
14431,75
14439,70
14446,0
14447,53
14449,18
14450,96
14458,96
14460,66
14464,0
14468,65
14471,110
14474,111
14477,81
14479,15
14481,28
14484,119
14492,84
14499,81
14501,118
14503,57
14504,42
14506,64
14510,116
14526,113
14528,3
1453,54
14532,89
14534,2
14536,60
14537,95
14538,26
14539,25
14543,81
14544,36
14546,114
14549,36
14551,46
14555,91
14559,11
14562,75
14565,111
14570,84
14573,55
14574,86
14579,115
14580,97
14582,115
14589,37
14594,111
14599,29
14600,121
14601,22
14609,42
14619,4
14623,72
14624,122
14626,48
14633,50
14637,36
14640,102
14641,79
14643,86
14645,38
14652,33
14655,42
14666,10
14668,120
1467,84
14674,117
14676,62
1468,100
14685,35
14687,107
14691,35
14699,78
14700,65
14704,24
14709,56
14711,119
14715,94
14720,101
14721,125
14729,95
1475,120
14751,123
14754,53
14757,14
14764,37
14767,41
14768,110
14772,51
14779,96
14781,93
14784,16
14790,68
14798,60
14800,73
14801,27
14804,26
14805,62
14809,124
14812,93
14818,70
14822,62
14827,69
14837,80
14839,61
14847,116
14878,27
14884,92
14891,40
14899,45
14907,108
14915,103
14916,37
1492,111
14925,25
14927,48
14928,4
14929,74
14941,22
14949,58
1496,16
14963,95
14966,81
14970,80
14982,40
14985,18
14987,5
14990,119
14993,60
14998,7
15000,84
15020,82
15022,78
15024,76
15049,2
15052,110
15055,107
15057,119
15058,119
1506,41
15066,6
15067,116
15077,50
15080,33
15084,65
15091,20
15097,69
15102,72
15105,34
15112,114
15113,32
15116,83
15119,38
1512,80
15122,98
15128,96
1513,107
15131,48
15135,73
15137,101
15142,83
15146,93
15150,83
15158,6
15169,109
1518,124
15186,34
15191,122
15195,43
15200,52
15204,80
15205,67
15206,17
15207,106
15209,97
1521,64
15211,70
15221,99
15229,5
1523,94
15232,114
15245,104
15251,50
15259,30
1526,74
15260,80
1528,69
15287,43
15293,121
15306,26
15316,56
15319,84
15325,75
15333,79
15339,68
1535,115
15352,7
15356,119
15370,1
15383,108
15389,28
15396,31
15398,95
1540,106
15400,123
15407,108
15410,95
15414,1
1542,26
15428,96
1543,80
15430,24
15431,102
15435,94
15439,122
1545,39
15453,24
15458,123
1547,47
15471,50
15472,32
15477,71
15485,111
15488,11
1549,53
15492,117
15493,29
15497,81
15498,115
15502,59
15503,60
15507,1
15508,43
15514,100
15515,0
15518,79
15525,71
15534,72
15542,125
1555,118
15550,19
15563,36
15568,108
15574,34
15577,52
15583,42
15584,42
15591,53
15593,64
15594,71
15608,78
1561,73
15610,50
15613,83
15614,26
15618,49
15620,60
15621,13
15624,121
15629,36
15639,24
1564,6
15658,79
15660,78
15668,50
15670,18
15672,98
15674,23
15675,77
15678,52
15679,31
1568,68
15683,89
15684,3
15686,49
15688,86
1569,97
15691,12
15694,104
15699,104
15700,21
15706,64
15707,31
15722,6
15725,65
15728,40
15732,119
15737,9
15744,8
15755,62
15759,60
15761,108
15766,105
15770,54
15772,114
15778,94
15784,109
15794,16
15795,20
158,83
1580,64
15803,21
15808,53
15827,99
1583,104
15833,105
15846,91
15847,115
15856,51
15857,51
15867,30
1587,7
15871,91
1588,86
15883,48
15884,27
15886,17
15889,10
15890,55
15891,114
15893,125
15908,76
15910,53
15915,1
15927,94
1593,13
15931,4
15937,25
15939,85
15947,53
1595,108
15954,118
15959,7
15965,51
15967,1
15981,93
15990,20
15992,38
15993,85
16007,45
16013,99
16018,96
1602,122
16022,2
16025,65
16033,59
1604,7
16042,19
1605,81
16053,75
16056,31
16066,22
16073,30
16075,24
16079,111
1608,86
16080,13
16084,48
16087,18
16097,2
16103,61
16111,90
16112,5
16118,13
16122,31
16123,125
16130,55
16135,102
16136,34
16139,12
16140,98
16142,42
16147,32
1615,77
16157,103
16162,43
16168,56
16169,62
16175,109
16186,101
16190,91
16206,21
16210,10
16211,30
16214,51
16218,78
16223,14
16227,112
16229,16
16231,4
16233,102
16239,106
16248,100
16251,117
16256,80
16259,12
16262,65
16267,11
16270,91
16276,116
16283,31
16284,88
16293,90
16303,122
16306,118
1632,92
16330,81
16332,46
1634,58
16344,109
16350,111
16351,82
16361,96
16362,122
16366,18
16368,3
16369,106
16374,24
16375,35
16376,125
16377,82
16384,80
1639,51
16392,21
16395,25
16398,28
16402,96
16406,46
16407,70
16415,118
16422,6
16435,120
16439,32
16446,113
16448,25
1645,119
16450,71
16451,86
16460,115
16461,10
16462,24
16474,49
16475,76
16476,106
16478,45
1648,110
16482,5
16483,17
16488,87
16490,98
16491,122
16495,89
16496,78
16497,85
16502,121
16504,112
16505,72
16507,57
16508,59
16509,63
16512,87
16514,99
16520,36
16522,105
16526,75
16527,95
16528,104
16534,69
16541,49
16542,8
16543,58
16559,17
16577,15
16579,102
16581,36
16582,99
16589,97
1659,34
16604,123
16605,102
16606,28
1662,85
16620,114
16628,98
16630,40
1664,103
16643,75
16654,124
16662,48
16663,15
16665,64
16677,76
16679,113
16688,69
16689,85
16698,0
16699,72
16707,117
16717,120
16718,1
16721,36
16734,37
16736,104
16737,73
16738,122
1674,72
16740,63
16742,39
16759,27
16768,113
16770,81
16773,47
16776,32
16781,80
16789,94
16791,81
16797,76
16801,85
16802,69
16806,37
16807,18
16808,27
1681,111
16812,125
16815,115
16824,52
16829,117
16838,46
16840,91
16857,22
16861,27
16862,2
16869,68
16873,88
16876,34
16878,23
1688,115
16884,77
16888,29
16889,115
16890,7
16892,101
16895,63
16896,45
16898,59
16920,109
16927,121
16929,54
1693,69
16938,73
16939,123
16940,37
16944,46
16953,93
1696,59
16970,48
16978,21
16986,27
16988,45
16992,123
16993,114
16996,6
17,19
17001,55
17005,37
1701,26
17015,24
17018,10
17022,81
17031,44
17033,7
17037,3
1704,87
17042,114
17045,53
17049,62
17052,6
17056,79
17062,12
17064,93
17076,40
17079,59
17081,32
17084,103
17098,79
171,44
17100,94
17102,54
17104,20
1711,46
17110,61
17113,56
1712,80
17120,55
17127,121
17128,21
1713,81
17130,7
17146,40
17147,51
17154,28
17157,115
17159,9
17166,116
17167,81
17168,95
17169,125
1717,48
17173,0
1718,67
17188,77
17190,78
17191,15
1720,44
17200,89
17205,3
17219,38
17223,29
17228,15
17233,9
1724,10
17240,64
17251,61
17252,76
17253,105
1727,89
17280,102
17297,67
17299,12
17300,103
17303,64
17307,101
17315,123
17324,106
17326,24
17341,110
17342,41
17352,90
17364,40
17365,92
17367,45
17371,47
1738,73
17380,42
17385,106
17386,17
17389,89
17394,106
17404,104
17405,117
17413,25
17417,85
17419,27
17423,48
17425,22
17431,55
17436,23
17442,13
17445,78
17456,111
17457,46
17458,66
17466,115
17469,105
1747,5
17473,122
17474,1
17475,88
17479,64
17480,83
17481,71
17489,125
17507,73
17509,5
1751,103
17518,3
17519,28
17521,3
17522,55
17528,19
17531,45
17534,51
17539,1
17540,82
17546,13
17561,33
17563,39
17569,41
17575,4
17576,61
17577,96
17578,22
17581,83
1759,54
17592,16
17602,30
17603,104
17604,71
17613,120
17623,97
17626,105
17631,88
17635,99
17644,93
17645,84
17649,12
1765,115
17651,101
17653,55
17664,42
17671,83
17672,23
17675,39
17687,118
17689,125
17697,36
17699,51
17705,44
17708,117
17711,1
17714,91
17718,43
17727,112
17728,109
17732,123
17739,70
17740,99
17748,105
17766,114
17767,50
17774,31
17779,112
17787,36
17797,118
17805,12
17806,40
17825,35
17833,44
17837,46
17847,2
17851,48
17865,16
17874,30
17878,90
17880,45
17881,15
17884,55
17885,55
17890,43
17895,62
17896,42
17898,15
17899,16
17900,31
17902,60
17908,77
17914,21
17922,21
17923,14
17936,84
17939,54
17942,67
17953,112
17954,107
17960,66
17963,80
17964,110
17967,25
17970,73
17972,3
17973,94
17974,95
17979,44
17982,12
17992,43
17994,57
17997,96
17999,62
18006,109
18009,90
18019,79
18021,44
18029,68
18035,10
1804,96
18044,78
18047,6
18054,115
18055,24
18057,80
18058,100
18068,12
1808,109
18080,18
18085,72
18086,38
18088,29
1809,33
18090,123
18091,111
18098,29
18102,71
18110,15
18114,31
18115,117
18118,56
18120,41
18125,112
18126,55
18135,44
18141,43
18142,70
18147,14
18148,76
18151,10
18153,35
18159,91
1816,8
18162,105
18174,45
18175,101
1818,54
18183,21
18186,43
18187,87
18188,10
18190,57
18193,79
18207,70
18209,13
18219,0
1822,77
18222,15
18225,64
1823,82
18233,93
18235,119
18236,78
18239,123
18243,51
18248,18
18249,120
18252,27
18255,6
18263,7
18264,92
18265,76
18266,75
18273,49
18274,44
18276,49
18277,106
18281,6
18282,24
18287,51
18289,14
18294,91
18295,32
18297,100
18302,111
18308,93
18314,31
18318,29
18319,102
18321,82
18324,117
1834,10
18340,80
18345,30
18346,62
18347,6
18358,77
18359,39
18361,29
18364,3
18368,41
18370,99
18372,99
18374,106
18376,87
1838,84
18386,73
18389,82
18392,125
18393,123
18408,71
1841,89
18417,99
1842,96
18420,1
18422,30
18424,86
18433,104
18437,113
18438,11
18439,31
18441,119
18444,66
18449,8
18451,113
18454,56
18459,61
1848,37
18482,7
18487,39
18494,55
18495,16
18498,82
18505,9
18507,56
18509,63
18513,107
18515,47
18517,6
1852,125
18536,54
18537,21
18539,104
18540,97
18541,38
18550,33
18554,122
18559,124
18564,114
1857,102
18571,90
18577,20
18578,16
18583,25
18588,36
1859,45
18594,11
18599,91
1860,88
18611,36
18618,32
18619,24
1862,8
18621,35
18633,2
18643,107
18648,1
18651,88
18666,66
18668,91
1867,52
18670,27
18673,101
18674,108
18683,44
18684,36
18711,97
18713,22
18717,94
18721,111
18722,43
18727,9
18728,43
18731,60
18739,55
18740,60
18741,108
18742,88
18745,80
1876,57
18763,97
18767,33
18769,16
18772,56
18773,116
18787,39
18791,99
18792,63
18793,94
18797,112
18804,52
18806,97
18808,105
18823,46
18825,82
18827,0
18829,91
18832,110
18835,0
18842,102
18846,71
18851,44
18857,89
18863,11
18869,51
18874,110
18889,62
18915,113
1892,64
18921,118
18928,64
18931,112
18937,58
1894,22
18965,7
18967,76
18977,63
18986,70
1899,125
18998,49
19009,49
1901,102
19019,19
19026,69
19032,115
19033,99
19039,56
19041,0
19046,31
19050,58
19053,46
19058,62
19061,85
19070,4
19071,8
19072,105
19075,83
19076,45
19078,95
19079,14
19083,87
19097,35
19099,43
1910,18
19106,4
19109,5
19111,10
19118,92
19119,47
19121,42
19122,93
19126,35
19129,97
19133,122
19134,78
19149,40
19159,13
19165,54
19172,45
1918,47
19180,76
19188,18
19190,77
19193,40
192,99
1920,109
19221,25
19223,78
19229,85
19231,64
19233,4
1924,5
19243,112
19246,116
19250,46
19254,106
19266,69
19271,35
19273,70
19275,79
19278,18
19280,62
19283,13
19287,39
19289,119
19292,114
19295,88
19299,22
1930,8
19303,124
19304,116
19311,77
19314,15
19322,40
19326,114
19329,57
1933,5
19331,97
19348,97
19352,110
19355,103
1936,68
19362,97
19368,25
19370,89
19371,97
19373,101
19376,79
19379,34
19383,42
19388,120
19395,51
19401,4
19403,85
19413,37
19415,122
19416,98
19419,76
1942,29
19431,111
19447,111
19448,121
19454,2
19460,102
19473,1
19478,113
19481,78
19486,71
1949,66
19495,75
19496,107
19501,125
19504,23
19505,73
19510,58
19515,77
19516,17
1952,91
19527,105
19528,60
19532,121
19542,54
19552,46
19554,69
19558,54
19560,101
19565,57
19571,115
19578,100
19582,36
19584,77
19594,51
19597,38
19598,34
1960,27
19605,80
19615,108
19616,29
19623,10
19631,77
19633,4
19636,124
19639,6
19640,94
19642,122
19645,76
19652,84
19662,105
19665,112
19676,41
19680,97
19694,1
19698,7
19704,80
19707,77
19716,7
19720,34
19731,105
19741,81
19742,118
19743,71
1975,107
19752,57
19753,100
19754,12
19762,34
19777,121
19779,40
1978,106
19780,62
19784,122
19788,12
19794,11
19799,45
198,42
19800,80
19804,93
19811,96
19816,120
19819,38
19820,109
19828,11
19836,17
19863,107
19866,83
19867,2
19868,55
19870,96
19872,19
19873,34
19876,52
19878,78
1988,14
19880,60
19883,108
19887,81
19890,48
19901,64
19906,46
19909,113
19912,72
19918,90
19925,3
19931,92
19933,86
19935,66
19938,58
19949,116
19950,21
19952,11
19954,35
19960,42
19966,84
19967,44
19969,59
19973,110
19975,15
19976,22
19989,35
19990,65
19996,70
19997,85
20,24
20002,101
20004,73
20010,69
20024,37
20028,111
20035,34
2004,84
20043,43
20045,101
20046,102
20056,26
20057,62
20065,120
20067,53
20069,124
20080,116
20081,33
20087,69
20088,76
2009,75
20092,2
20101,3
20104,40
20108,119
20109,34
20114,30
20120,98
20122,71
20124,94
20126,38
20127,41
20128,108
20135,41
20140,82
20144,122
20146,16
20150,84
20153,9
20154,111
20156,113
20159,35
20164,83
20169,120
20174,77
20175,53
20176,72
20178,16
20184,105
20192,0
20198,8
202,7
20201,110
20202,53
20211,50
20213,90
20219,7
20222,30
20239,82
20240,44
20249,4
20265,23
20267,14
20268,21
20277,28
20284,57
20289,87
20293,69
20296,1
2030,87
20306,30
20309,90
20310,2
20313,38
2032,84
20328,87
20331,16
20337,71
20342,55
20343,80
20350,46
20352,50
20355,42
2037,39
20371,88
20377,79
20382,14
20391,46
204,17
20407,35
2041,22
20416,95
20418,117
20423,113
20424,124
20429,51
2043,115
20431,76
20433,107
20436,83
20437,81
20438,81
2044,94
20440,92
20442,118
20445,42
20448,12
20451,93
20456,10
20458,110
20459,4
20468,114
20476,67
20482,115
20492,118
20494,7
20496,0
20499,81
20506,107
20509,1
20519,13
2052,91
20522,114
20523,36
20526,66
2053,88
20536,81
20537,2
20539,56
20541,38
20544,4
20557,58
20560,36
20561,6
20562,24
20564,73
20567,56
20570,125
20571,111
20573,80
20574,20
20578,44
20581,115
20588,2
20591,41
20592,112
20604,23
20605,9
20607,18
20611,113
20615,46
20621,116
20624,71
20632,42
20635,32
20642,35
20644,14
20647,60
20649,106
20661,40
20663,98
20668,41
20675,26
20677,30
20680,124
20681,38
20685,104
20686,107
20688,3
2070,1
20700,99
20704,45
20707,58
20711,16
20714,96
20721,118
20730,96
20733,107
20741,61
20748,39
20751,69
20756,64
20757,5
20760,88
20761,54
20762,32
20772,94
20773,42
20775,69
2078,39
20792,17
20815,38
20817,111
20820,87
20823,99
20828,42
2083,109
20832,67
20840,38
20843,124
2085,41
20855,87
20858,29
20859,41
20860,86
2087,9
2089,77
20892,1
20894,31
20895,18
20899,64
2090,108
20900,8
20902,48
20904,8
20918,73
20920,37
20936,34
20943,11
20945,70
20947,99
20949,45
20952,107
20956,3
20957,59
20967,90
20970,98
20973,19
20977,56
20978,35
2098,20
20989,31
20991,104
20995,101
20999,31
21,17
210,50
21003,108
21004,75
21008,20
21009,72
21021,116
21025,37
2103,65
21031,27
21036,21
21038,95
21039,5
21042,68
21053,4
21061,72
2108,105
21080,76
21086,100
21093,35
21094,67
21098,26
21101,31
21105,41
21106,61
21127,47
21129,0
21133,59
21137,40
21139,63
2114,85
21142,92
21145,112
21151,6
21155,50
21157,96
21158,116
21163,71
21165,33
21170,40
21172,107
21175,36
2118,119
21181,112
21186,33
21187,69
21189,120
21191,125
21192,19
21211,30
21218,56
2122,0
21221,23
21222,64
21223,98
21225,116
21237,6
21239,14
21242,72
2125,71
21253,80
21254,103
21255,3
2126,39
21268,107
21269,60
21271,101
21282,4
21286,82
21288,114
21300,78
21302,123
21303,67
21307,122
21308,8
21312,39
21315,29
21323,17
21325,104
21332,104
21333,19
21350,111
21361,101
21366,34
2137,125
21371,5
21384,122
21385,28
21393,69
21398,6
21399,116
214,10
21405,100
21409,42
21416,97
21421,60
21432,6
21433,104
21450,121
2147,46
21470,63
21477,46
21478,22
21485,99
21486,111
2149,102
21493,106
21494,90
21498,60
21499,120
21502,109
21508,32
21518,35
21520,7
21528,99
21538,49
21541,33
21552,58
21554,65
21556,12
21558,107
2156,6
21569,9
2157,89
21572,28
21575,124
21577,4
21580,28
21581,53
21586,45
21587,2
21588,95
21589,37
21590,7
21592,125
21594,11
21596,78
2160,64
21604,29
21617,55
21618,108
21619,3
2162,118
21621,105
21641,13
21646,96
21647,106
2165,78
21653,47
21666,46
2167,98
21671,26
21675,100
21682,69
21685,42
21687,117
21689,15
21690,8
21694,54
21696,75
21699,47
21701,115
21710,97
21711,102
21714,102
21717,48
21722,106
21729,112
21735,125
2174,48
21743,119
21763,89
21776,88
21784,80
2179,79
21794,12
2180,71
21800,96
21809,38
2181,83
21810,99
21812,118
21827,100
21829,34
21830,89
21836,57
21848,74
21855,9
21862,45
21866,102
21884,25
21885,86
21888,76
2189,82
21892,101
21894,96
21896,3
21902,98
21905,90
21906,73
21907,83
21912,95
21914,37
21916,19
21921,113
21927,60
21929,64
21935,43
21937,32
21947,52
2195,60
21951,34
21954,35
21955,14
21956,96
21962,37
21964,35
21965,9
21968,62
21978,46
2198,22
21980,73
21982,101
21988,122
21996,107
21997,99
21999,2
22,67
22011,85
22012,100
22017,34
22023,101
22037,22
2204,100
22047,9
22049,62
2205,91
22064,81
22067,56
22070,111
22072,10
22077,15
22078,18
22085,14
2210,18
22101,54
22105,63
2212,40
22121,72
22123,29
22124,68
22131,78
22134,1
22135,85
22136,119
22139,80
22143,85
22147,124
22149,78
22154,70
22156,45
2216,63
22162,124
22163,67
2217,52
22173,55
22174,22
22176,94
22190,26
22191,77
22192,46
22193,43
22199,22
22207,30
22208,72
22212,119
22214,56
22215,121
22221,79
22224,10
22226,66
22228,79
22232,16
22233,90
22235,76
22236,27
22238,36
22240,89
22244,82
22245,108
22256,55
22283,106
2229,14
22291,51
22298,97
22322,74
22328,109
22330,60
22334,60
22337,89
22341,120
22344,31
22345,104
22350,109
22354,100
22355,28
2236,2
22360,50
22361,82
22368,70
2237,93
22378,45
22383,16
22391,79
22395,79
224,72
2240,107
22400,50
22404,55
22406,59
22410,26
22414,77
22416,113
2242,69
22425,86
22426,43
22436,36
22439,25
2244,91
22440,14
22447,34
22454,86
22459,6
22462,45
22484,107
22488,55
22495,67
22500,69
22505,71
22508,18
22515,48
22520,22
22521,125
22522,22
22535,17
22538,90
22544,71
22549,18
2255,20
22551,14
22553,119
22558,42
22560,87
22562,93
22567,80
22568,16
22569,77
22570,52
22577,19
22581,100
22582,18
22595,89
22596,9
22603,10
22609,50
2261,2
22612,106
22630,25
22634,9
22642,119
22649,99
22654,24
22655,67
22656,48
22658,18
22663,39
22666,45
22671,98
22673,11
22680,65
22682,68
22686,19
22687,109
22689,97
2269,28
22691,24
2270,76
22700,37
22702,71
22706,80
22712,74
22716,62
22721,68
22727,68
22739,77
2274,108
22743,73
22758,86
22764,5
22766,19
22780,62
22790,33
22801,61
22803,25
22805,20
22806,25
22808,7
2281,64
22810,101
22811,82
22823,103
22824,78
2283,84
22831,121
22842,78
22844,82
22854,18
22863,71
22869,97
22870,116
22873,30
22874,34
22876,76
22878,18
2288,55
22887,61
22890,17
22892,6
22893,26
22897,90
22904,77
22905,113
22907,90
22920,104
22921,52
22929,36
2293,72
22936,72
22938,18
22948,89
2295,111
22956,13
22957,87
22958,96
22959,11
22960,125
22962,33
22968,5
22969,57
2297,54
22988,43
22994,49
22997,125
22998,34
23010,100
23018,35
23019,87
23020,7
23021,9
23027,15
23034,19
23036,82
23042,26
23043,108
23046,52
23047,91
23050,74
23053,73
23054,37
23055,113
23062,92
23063,71
23067,59
23068,61
23072,63
23079,43
23086,14
23099,88
23102,51
23114,21
23115,58
23118,101
23128,92
23129,98
23132,80
23134,84
23137,60
2314,5
23145,8
23156,83
23157,3
23158,17
23163,86
23165,12
23167,121
23169,61
23170,114
23171,10
23178,34
23180,25
23182,112
23195,100
23196,90
23198,83
232,20
23207,84
23210,47
2323,114
23232,53
23234,65
23236,63
23237,48
23240,109
23247,94
2326,121
23268,90
23269,56
23280,54
23283,36
23294,90
23296,110
23297,7
23301,98
23307,12
23310,92
23311,48
23314,48
23316,125
23318,109
23319,34
23324,99
23330,55
23358,43
2336,64
23374,119
23377,50
2338,19
23393,116
234,26
2340,82
23402,73
23410,44
23417,29
23430,49
23431,92
23441,74
23442,3
23443,74
23445,65
23447,89
23452,35
23454,26
23455,45
23459,87
23460,100
23461,32
23465,122
23467,61
23482,52
23486,1
23492,33
23495,124
23499,13
2350,22
23500,70
23516,90
23518,113
23522,17
2353,101
23533,53
23537,10
23539,89
2354,48
23546,63
23548,102
23549,84
2355,72
23550,89
23551,124
2356,87
23567,88
23569,67
23575,83
23579,57
23584,33
23587,123
23591,39
23593,31
23598,121
23606,13
23608,89
23609,78
2361,72
23614,88
23617,84
23618,40
23620,39
23624,23
23626,11
23638,18
23646,31
23649,33
23652,19
23654,50
23655,24
23657,100
23658,84
23659,42
2366,49
23664,59
23668,33
23671,49
23674,104
23685,37
23687,38
23688,125
2369,49
23690,24
23700,118
23712,78
23717,121
23720,86
23722,59
23724,36
23725,61
2373,49
23730,35
23733,44
23734,8
2374,107
23740,26
23743,89
23753,14
23758,86
23760,31
23765,35
23772,9
23774,113
23775,113
2378,72
23799,2
238,88
23811,92
23818,9
2382,75
23820,35
23824,19
23833,52
23834,94
23836,81
23837,3
23846,85
23850,22
23855,41
23856,62
23863,80
23864,2
23865,39
23868,58
23881,90
23885,94
239,60
23902,20
23903,10
23909,114
23915,91
23916,15
23923,116
23925,108
23928,70
23929,65
23931,23
23935,69
2394,5
23947,85
23952,15
23966,98
23974,25
23981,41
23985,27
23988,34
23989,53
23993,98
23994,33
23998,92
24002,66
24004,39
24011,6
24012,96
24013,61
24014,48
24016,42
24020,107
24026,114
2403,90
24037,24
24039,34
24041,1
24042,53
24045,12
24056,124
24057,2
24075,66
24089,11
24091,10
241,95
24100,72
24102,47
24104,6
24110,65
24113,97
24116,28
24117,69
24124,53
24129,121
24134,29
24142,85
24147,75
24149,33
24150,90
24161,88
24164,58
24169,81
24176,121
2418,23
24185,91
24188,72
24191,55
24199,70
24200,81
24204,40
24206,117
24207,74
24225,43
24228,106
24229,105
2423,93
24237,20
24238,13
24240,75
24243,22
24248,109
24251,87
24254,49
24262,50
2427,45
24270,103
24279,120
24289,94
24295,90
24297,113
24298,44
24305,68
2431,114
24310,32
24317,11
2432,53
24320,69
24332,34
24337,97
24339,67
24353,98
24359,93
2436,34
24371,48
24378,29
2438,73
24380,10
24384,118
2439,64
24393,95
24394,114
24395,112
2440,6
24407,79
24409,96
24415,12
2442,77
24424,105
24427,94
24431,101
24433,77
24445,60
24460,32
24461,14
24472,75
24481,19
24485,17
24486,115
24492,115
24498,19
24508,76
24510,105
24512,9
24514,26
24519,14
24522,111
24523,121
24527,3
24530,72
24535,4
24536,67
24542,32
24546,42
24549,80
24558,29
24560,70
24561,31
24564,102
24566,73
2463,8
2466,87
2467,115
2484,24
2485,88
2487,75
2489,125
2490,92
2494,123
2495,8
25,2
2502,5
2507,74
2508,41
2513,36
2517,90
2519,120
2521,52
2522,82
2532,19
2535,5
254,113
2541,104
2545,12
2548,120
255,74
2552,82
2554,17
2559,80
256,58
2565,40
2579,50
2583,27
2586,82
2589,1
2590,119
2594,76
26,3
2602,39
2606,51
2607,88
2608,82
2610,12
2616,34
2630,42
2632,92
2635,73
2637,75
2650,10
2651,21
2655,102
2656,26
2661,124
2667,28
2671,43
2676,21
2678,57
2679,81
2680,103
2687,63
2688,74
269,0
2690,47
2702,66
2710,54
2712,76
2714,104
2715,123
2718,27
2725,13
2729,120
2731,59
2735,10
2742,57
2747,54
2748,102
2750,102
2755,40
2759,49
2760,83
2764,80
2774,44
2776,104
2779,79
278,8
2783,1
2798,67
280,88
2811,35
2825,106
2830,89
2834,118
2836,19
2839,94
2848,32
2849,7
2850,31
2851,53
2852,7
2854,57
2855,39
2864,98
2872,19
2878,4
2880,51
2882,11
2883,65
2887,75
289,15
2890,4
2895,68
2898,68
2899,34
290,63
2901,9
2904,102
2909,47
2910,33
2913,118
2917,19
2924,38
294,118
2943,46
2948,8
295,19
2952,46
2967,50
2975,60
2978,19
2979,79
2982,5
2987,52
2988,15
299,19
2995,84
3006,50
3008,107
3011,14
3012,31
3018,30
302,12
3025,24
3026,16
3029,14
3038,12
3041,21
3042,57
3046,18
3047,37
3054,57
3056,99
3059,5
3062,24
3067,112
307,16
3070,46
3075,49
3077,69
308,51
3093,74
3098,88
310,3
3101,14
3102,89
3103,26
3114,109
3117,115
3120,15
3124,61
3128,48
3129,66
3131,27
3139,24
3156,56
3160,122
3161,98
3165,101
3170,113
3175,16
3176,51
3177,65
3183,21
319,41
3192,6
3194,74
3208,26
3209,12
3218,74
322,114
3226,123
3239,104
3248,63
325,8
3257,16
3261,36
3262,69
3264,1
3265,98
3266,89
3272,110
3273,47
3278,56
3281,64
3282,86
3285,50
3293,125
3298,94
3303,46
3306,22
3311,20
3313,50
3315,105
3316,114
3318,46
3329,73
333,96
3333,32
3340,9
3344,117
3346,90
3349,23
335,106
3352,76
3354,83
3359,22
3368,89
3376,27
3384,72
3386,16
3389,92
3394,1
3396,4
3399,13
3401,92
3404,125
3409,64
341,29
3411,107
3412,74
3421,38
3423,61
3424,82
3434,27
3436,8
3437,80
3439,52
3452,7
3453,70
3459,32
3463,54
3468,63
3469,67
3476,70
3479,84
3484,101
3485,49
3488,69
3489,13
3492,15
3501,95
3506,30
351,106
352,71
3524,42
3531,41
3535,35
3536,110
3546,39
3554,16
3556,36
3560,103
3563,98
3566,26
358,60
3581,118
3584,79
3598,44
36,44
360,4
3604,9
3613,57
3617,58
3621,47
3622,93
3626,114
3627,55
3629,63
3644,32
365,87
3651,17
3653,92
3654,95
3657,44
3658,85
3662,57
3666,5
3676,67
3677,44
3682,112
3684,15
3700,74
3702,40
3705,124
3706,94
3708,48
3713,11
3720,125
3723,46
3724,109
3728,43
3733,85
3745,29
3751,3
3755,38
3766,112
3768,3
3772,66
3774,16
3783,68
3786,60
3800,1
381,96
3819,66
3821,50
3826,60
3837,59
3846,53
3854,60
3857,109
3866,7
3874,5
3877,6
388,34
3890,61
3891,104
3895,0
3899,125
3901,57
3910,97
3911,89
3915,26
3918,11
3922,23
3942,56
3948,60
3954,42
396,20
3962,118
3963,65
3966,29
3971,5
3973,105
3976,53
3977,77
3981,71
3982,69
3993,41
3997,112
4,9
4001,94
4007,15
4012,124
4014,95
4018,3
4020,94
4022,67
4030,28
4031,120
4038,32
404,113
4040,30
4046,41
4047,59
4048,58
4056,69
4057,109
4059,70
4062,21
4065,79
4066,112
4067,73
4068,98
4074,109
4079,17
4092,121
4104,74
4106,110
411,117
4119,78
4127,121
4128,17
4130,122
4135,27
4145,105
4146,122
4149,82
4151,98
4167,24
4169,35
4176,94
4178,87
4181,14
4182,30
4192,0
4195,102
4197,107
4207,89
4208,25
421,97
4211,59
4217,19
4219,20
4224,39
4226,92
4227,33
4229,101
4237,49
424,17
4241,62
4261,57
4262,94
4265,105
4266,115
4271,47
4275,83
428,104
4282,45
4286,108
4297,102
4300,25
4307,63
431,2
4314,50
4315,33
432,86
4322,6
4323,64
433,23
4330,64
4334,111
4352,80
4360,29
4371,35
4374,23
4375,108
4377,115
4379,122
4380,112
4381,115
4384,100
4387,116
4392,2
4395,103
4397,103
4398,86
4401,104
4405,16
4407,105
4411,112
4412,94
4414,117
4427,17
4436,91
4439,67
4443,82
4445,54
4453,123
4454,3
4455,118
4456,21
446,62
4470,39
4475,13
4478,56
4479,123
4485,100
4488,36
449,92
4490,6
4495,93
4498,19
4500,23
4509,61
4511,66
4519,97
4520,9
4521,72
4539,38
4540,100
4541,90
4547,82
4549,64
4560,24
4563,71
4564,51
4571,61
4572,89
4578,103
4580,32
4587,27
4591,114
4603,123
4610,9
4612,28
4616,47
4622,20
4626,83
4641,32
4642,93
4646,76
4653,123
4654,79
4657,119
466,111
4662,90
4665,65
467,109
4674,43
4676,25
4681,12
4683,56
4685,45
4686,46
4687,108
469,98
4692,66
471,112
4718,97
472,1
4724,80
4730,76
4733,8
4734,54
4757,102
4758,102
4761,18
4764,76
4769,55
4771,1
4774,19
4775,60
4782,1
4791,30
4792,122
4799,62
48,58
480,5
4800,62
4801,66
4805,96
4814,123
483,97
4835,115
4836,65
4846,64
4851,74
4857,54
4861,86
4862,119
4871,111
4875,64
4876,60
488,52
4882,66
4884,58
4887,12
4889,28
4892,97
4893,81
4896,38
4897,25
49,20
4900,41
4905,25
4914,35
492,108
4933,46
4934,40
4947,64
4955,22
4963,19
4964,14
4969,48
4974,40
4981,98
4986,114
4987,106
4988,79
4989,107
4990,4
50,33
5009,61
5010,107
5014,85
5018,17
5025,85
503,32
5036,4
5049,78
5055,70
5057,33
5058,101
5065,114
5066,39
5071,26
5072,21
5075,119
508,68
5080,88
5090,34
5093,62
5097,105
510,32
5107,55
511,122
5110,0
5115,53
5127,6
5130,88
5134,9
5140,59
5141,51
5143,112
5146,51
515,76
5157,101
5160,92
5163,100
517,71
5171,124
5175,26
5178,86
5182,66
5185,94
5186,18
5190,55
5192,57
5200,113
5201,28
5202,54
5206,117
5207,20
521,102
5213,87
5214,30
5215,68
5222,58
5227,26
523,73
5231,57
5233,87
524,67
5240,50
5244,8
5249,36
5252,27
5253,40
5256,99
5261,50
5262,95
5263,84
5278,84
5281,14
5284,110
5287,93
5301,63
5313,53
5315,17
5323,111
5324,107
5327,90
5337,102
5340,103
5341,97
5342,46
5353,49
5362,37
5369,49
538,14
5383,63
5385,120
5395,125
5409,82
5411,78
5429,61
5433,106
5434,108
5437,83
5441,52
5443,76
5446,72
5449,61
5451,71
5456,30
5462,67
5463,120
5477,116
548,93
5483,74
5498,61
5502,85
5509,92
5512,26
5513,53
5514,52
5518,33
5520,68
5539,31
5542,98
5545,7
5551,31
5552,25
5557,8
5568,61
557,15
5570,77
5585,30
5589,55
559,100
5590,84
5596,67
560,43
5606,90
5609,124
561,0
5611,37
5614,68
562,38
5620,86
5626,80
5631,93
5632,30
5634,39
5635,39
564,22
5642,79
5644,37
5650,20
566,28
5660,13
5661,81
5662,45
5669,12
5677,93
5684,78
5685,2
5687,85
5695,87
5701,21
5712,115
5713,52
5718,97
5735,48
5739,66
5742,100
5746,1
575,74
5750,32
5754,0
5758,87
5771,28
5783,72
5791,113
5794,107
5801,15
5802,114
5808,14
581,94
5813,85
5814,49
5820,86
5824,118
5828,117
5830,5
5836,89
5838,47
5843,86
585,107
5851,88
5855,56
5879,31
5888,47
589,12
5891,77
5893,21
5897,75
5900,74
5903,20
5906,16
5907,20
5909,51
5917,78
5919,51
5920,94
5923,53
5939,12
595,101
5950,113
5952,105
5954,49
5958,50
5962,58
5965,49
5966,35
5971,66
5972,58
5987,113
5996,33
5998,30
6,101
6004,18
6005,40
6007,15
6015,122
6022,3
6024,78
6031,60
6035,19
6039,11
604,85
6041,59
6045,20
6051,38
6055,13
6057,109
6073,29
6074,102
6075,113
6077,14
6079,39
6089,85
6091,1
6093,71
6096,12
6097,120
6108,83
6113,62
6124,123
613,88
6132,5
6135,116
6136,122
6139,109
614,62
6147,25
6155,79
6165,68
6167,121
6168,67
6181,122
6182,31
6186,27
6189,26
619,34
6192,16
6205,82
6208,59
6210,24
6214,14
6218,40
6225,113
6227,26
6229,82
6231,47
6252,123
6254,117
6258,75
626,11
6264,7
6266,44
6268,39
6272,37
6276,88
628,68
6282,6
6283,72
6289,111
6292,109
6295,13
63,74
630,68
6301,70
6304,31
6307,47
6308,44
631,47
6311,34
6319,30
6320,79
6324,43
6337,51
6339,54
6352,98
6354,88
6364,109
6366,8
6367,46
6373,103
6394,92
6398,125
640,24
6401,27
6406,21
6408,78
6409,113
6411,93
6420,62
6421,53
6430,115
6433,123
6436,100
6441,13
6445,115
6448,37
6449,57
645,105
6453,119
6454,85
6455,28
6456,5
646,51
6466,41
6470,84
648,20
6482,73
6497,73
6498,95
6500,102
6502,104
6507,28
6512,123
6514,17
6516,59
6523,11
6537,74
6539,63
6548,119
6565,101
6585,25
6593,79
6596,54
66,83
660,56
6600,92
6619,27
6620,61
6621,75
6622,81
6628,43
6634,68
6637,123
664,36
6640,76
6665,101
6673,69
6679,20
668,72
6681,0
6688,50
6689,73
6694,86
670,58
6700,6
6708,87
6710,17
6719,14
6723,16
6727,118
673,40
6731,92
6732,2
6738,87
6741,91
6746,34
6750,109
6757,122
6758,38
677,70
6771,119
6777,45
678,58
6781,110
6788,75
6805,15
6810,55
6813,88
6814,87
6820,46
6821,13
6826,62
6828,9
6837,87
6841,65
6846,26
6847,2
685,104
6850,118
6852,25
6853,11
6858,61
687,58
6872,25
6874,63
6881,68
6883,47
6885,4
6891,43
6903,29
6911,92
6914,83
6917,2
6920,81
6921,65
6928,68
6933,32
6939,1
6941,33
6946,3
6948,34
6952,93
6960,113
6962,81
6970,42
6980,77
6981,95
6982,9
6988,41
700,70
7001,63
7010,114
7011,50
7014,7
7016,54
7018,83
7019,14
7033,43
7038,106
7041,117
7053,70
7054,47
7055,47
7065,52
7068,3
707,13
7073,39
7083,25
7085,104
7086,67
7087,66
7088,0
7093,73
7102,120
7108,5
711,45
7112,67
7120,94
7121,61
713,34
7133,99
7135,78
7139,1
7146,66
715,86
7167,46
7173,35
7177,65
7181,25
7187,105
7188,57
7189,86
7192,37
7197,7
7198,108
7204,56
7205,2
721,25
7211,119
7217,86
722,38
7220,88
7223,3
7225,65
7226,27
7231,71
7241,55
7243,108
7250,57
7253,111
7256,24
7257,106
7267,104
7273,123
7280,114
7284,51
7289,16
7292,8
7294,95
7295,112
7298,103
7299,86
7303,32
7304,79
7307,113
731,66
7314,6
7321,60
7333,65
7335,37
734,26
7343,81
7344,43
7354,77
7357,93
736,94
7372,57
7375,97
7376,32
7387,64
7390,81
7394,122
7396,124
74,68
7400,122
7401,82
7402,118
741,46
7415,102
7416,65
7420,105
7422,46
7428,10
7433,35
7443,72
7445,76
745,76
7464,36
7467,18
7470,26
7472,95
7485,27
7488,66
7493,9
7494,68
7496,89
7499,115
750,72
7500,105
7503,24
7509,56
751,59
7513,53
752,21
7522,123
7523,125
7525,90
7526,25
7527,124
7528,37
7533,108
7535,55
7540,4
7542,40
7543,117
7550,105
7553,124
7557,32
7558,53
7560,89
7561,56
7569,71
757,103
7571,11
7577,12
7579,66
758,120
7582,59
7585,114
7586,87
7587,6
7590,43
7592,105
7597,41
7598,44
7602,8
7605,120
7606,58
7613,105
7618,45
7623,95
7627,42
7640,82
7649,46
765,30
7655,2
7657,67
7659,60
7663,56
7664,106
7666,17
7675,99
768,14
7687,28
769,70
7701,29
7710,21
7714,41
7717,72
7720,24
7725,78
773,25
7730,40
7733,66
7735,15
7736,24
7742,108
7745,50
7747,53
775,4
7750,112
7754,85
7755,72
7759,23
7776,39
7784,72
7788,22
7790,105
7796,37
7799,113
780,115
7813,44
7815,45
7816,89
7817,61
7821,88
7828,80
7831,54
7837,74
7838,16
786,41
7862,93
7866,111
7872,76
7873,97
7880,9
7881,81
7894,33
7895,70
7903,72
7905,54
7918,32
7938,73
7943,55
7945,34
7947,7
7958,41
7968,27
7969,49
7973,56
7980,56
7981,85
7983,79
7984,92
7993,15
800,120
8001,121
8003,84
8025,109
8030,12
8033,0
8038,114
8041,108
8056,46
8061,34
8068,51
8076,46
8077,89
8080,11
8085,77
809,53
8090,10
8098,103
81,75
8111,89
8125,50
8126,120
8130,62
8135,77
8136,48
8139,27
814,22
8147,59
815,16
8152,124
8153,124
8165,43
8176,22
8177,19
8179,3
818,109
8192,66
8193,72
8195,122
8196,118
82,58
820,39
822,78
8225,102
823,4
8230,85
8235,69
8237,53
824,121
8242,72
8246,68
8251,18
8257,103
8259,47
826,8
8261,106
8265,59
8267,95
8268,79
8274,49
8275,60
8277,2
8287,44
8290,111
83,40
832,68
8326,103
8332,21
8336,82
8337,96
8341,33
8348,111
8351,88
8355,61
836,77
8364,53
837,103
8388,4
839,69
8391,17
8398,23
84,63
8404,59
841,13
8416,119
8419,58
842,119
8420,94
8422,74
8430,55
8432,124
8433,101
8437,20
8444,30
8449,58
8452,39
8454,38
8458,36
8460,118
8461,114
8465,24
8467,87
847,35
8473,60
8479,93
8484,5
8489,106
8491,31
8496,4
8502,5
8504,65
8508,26
8513,11
8517,102
8518,44
8519,23
8527,37
8528,93
8543,51
8544,113
855,42
8552,121
856,48
8562,34
8563,124
8589,100
8591,36
8592,31
8594,102
8596,0
8598,49
8599,119
8601,55
861,61
8613,85
8614,33
8635,64
8658,82
8659,99
8667,91
8668,119
867,40
8681,23
8696,60
8699,82
87,1
8700,48
8704,58
8707,42
871,123
8711,80
8714,84
8720,67
8721,85
8729,6
8736,9
8750,56
8757,121
8761,20
8766,37
8769,103
8773,48
8777,124
8782,79
8786,58
8787,72
8795,86
8796,114
8798,42
8800,122
8808,66
8822,55
8834,4
8835,108
8836,65
8841,96
8843,9
8845,64
8847,125
8848,71
8849,9
8854,16
8862,105
8864,118
887,18
8871,60
8873,23
8878,53
8880,14
8889,0
8890,8
8896,4
8899,53
8905,82
8907,13
891,55
8914,98
8917,76
892,13
8925,101
8927,49
893,101
8934,114
8938,109
8945,15
8950,110
8954,53
8957,61
8960,90
8963,41
8964,121
8967,116
8969,102
8970,73
8983,119
8984,57
8992,15
8996,97
8997,92
9007,75
9012,67
902,42
9022,15
9023,90
9027,32
9035,79
9037,13
9038,38
9039,39
9061,54
9067,106
9071,9
9082,104
9090,117
9096,95
9097,2
91,35
910,11
9101,74
9105,105
9107,99
911,37
9111,21
9116,59
9121,101
9123,111
9129,75
913,89
9137,2
914,65
9142,69
916,104
9164,103
9170,54
9177,57
9178,39
9182,104
9185,18
9190,54
9191,36
9195,100
9201,75
9206,67
9209,45
9210,125
9213,122
9220,2
9222,50
9225,108
9229,22
9233,80
9235,1
9243,123
9246,13
9247,84
9250,113
9257,115
9259,118
9261,103
9263,62
9268,91
9272,99
9286,20
9288,57
929,47
9291,91
9298,44
9300,58
931,19
9319,76
932,49
9321,31
9329,59
9336,41
934,91
9344,31
9345,71
9352,106
9365,49
937,60
9374,11
938,68
9383,93
9385,99
9387,96
939,39
9391,78
9395,91
9414,20
9415,110
9416,27
9424,92
9426,63
9436,61
9440,32
9443,81
9453,78
9454,66
9474,46
9480,103
9481,7
9488,6
9497,73
95,8
9503,10
9504,56
9507,38
9513,21
9529,84
9531,18
9541,118
9546,34
9547,93
9549,112
9551,73
956,63
9561,96
9564,28
9574,105
9576,108
9577,23
9578,124
9579,64
9582,51
9589,97
96,27
9600,69
9609,8
9623,124
9625,78
9629,26
9632,47
9648,79
966,122
9660,26
9676,48
9677,97
9686,86
9688,101
969,95
9690,72
9692,104
9693,96
9697,60
9703,77
9704,8
9707,17
9710,59
9714,37
9715,46
9722,13
9725,58
9734,79
9735,117
9738,121
9747,76
975,112
9754,95
9763,121
9789,19
9796,53
9802,109
9806,100
9808,117
9810,86
9811,99
9814,103
9816,0
9819,107
9820,98
983,94
9831,106
9845,119
9862,33
9863,1
9872,29
9874,55
9879,39
9880,42
9894,41
9896,99
9899,54
990,120
9901,19
9908,99
9913,40
9917,21
9921,3
9922,122
9928,10
9931,62
9934,44
9936,57
9946,109
9949,67
9961,51
9963,125
9964,70
997,84
9972,102
9981,26
9990,51
0,121
10,40
10010,94
10014,17
10016,99
10018,102
10019,72
10021,107
10023,86
10025,112
10026,89
10028,7
10031,63
1004,36
10049,85
10054,57
10055,76
10056,17
1006,50
10061,4
10069,74
10070,17
10075,2
10076,123
10082,43
10087,12
10093,47
10097,53
10099,99
101,19
10100,122
10105,31
10107,92
10108,65
10111,86
10119,34
10122,125
10128,12
10129,34
10130,90
10135,27
10142,98
1015,94
10155,94
10158,11
10159,114
10162,105
10163,35
10164,27
1017,120
10177,105
10192,2
10194,85
10200,62
10204,33
10209,117
10210,97
10211,88
1022,117
10225,14
10226,24
10227,66
10229,104
10231,108
1025,121
10253,120
10254,18
10255,90
10260,51
10267,0
10278,74
10292,54
10301,69
10307,67
1032,7
10320,99
10321,98
10332,123
10333,59
10344,24
10346,72
10349,19
10367,14
10370,77
10377,13
10383,89
10384,21
10391,12
10394,55
104,116
10403,80
10404,94
10406,83
10408,7
10412,72
10427,100
10431,97
10437,57
10439,68
10444,36
10448,47
10449,44
10454,103
10458,19
10459,80
10461,39
10465,20
10481,15
10483,63
10490,56
10491,124
10493,57
10500,116
10509,65
10510,90
10511,57
10515,18
10516,31
10518,77
1052,6
10526,78
10537,48
10539,70
10548,55
10552,11
10560,100
10562,75
10567,33
10568,98
10569,41
10572,89
10578,44
1058,87
10583,123
10586,26
10588,59
106,43
10600,24
10601,19
10608,107
10611,27
10617,70
10626,63
10629,70
10630,63
10631,65
10636,122
10637,80
10641,10
10642,46
10648,78
10650,101
10651,34
10653,42
10659,57
10668,22
10671,58
10673,90
10682,42
10684,90
10685,115
10698,82
1070,55
10705,1
10717,24
10718,92
10722,63
10723,101
10741,91
10756,123
10757,55
10758,50
10761,9
10782,108
10785,27
10786,123
10787,96
10789,89
10793,39
1080,74
10802,119
10808,3
1081,6
10813,39
10818,102
10821,54
10822,50
10825,16
10827,72
10832,88
10835,10
10838,90
10844,43
10850,35
10857,84
10859,77
1086,111
10869,32
10873,52
10875,120
10876,20
10878,27
10879,11
10886,5
10892,90
10893,108
10897,55
10898,29
10899,115
1090,23
10903,46
10912,86
1092,60
10923,37
10928,72
10948,101
10956,117
10958,65
10963,101
10967,13
10968,36
10969,45
10974,69
10980,34
1099,85
10993,90
10994,45
110,48
11006,125
11009,40
1101,16
11016,58
11021,91
11024,93
11025,122
1103,49
11036,23
1104,78
1105,9
11050,26
11055,21
11057,79
11063,112
11066,7
11073,83
11081,9
1109,101
11094,46
1110,109
11100,19
11105,9
1111,27
11110,104
11113,19
11126,20
11129,89
11134,47
11137,119
11142,49
11146,64
1115,13
11153,64
11157,24
11166,108
11171,68
11172,35
11176,49
11180,109
11181,78
11182,109
11191,30
11202,15
11203,87
11205,65
11207,97
11209,72
11210,61
11218,61
1123,33
11230,22
11232,34
11237,65
11240,113
11250,0
11252,34
11253,18
11257,122
11260,53
11262,26
11265,102
11266,93
11267,24
11270,82
11271,36
11275,108
11276,30
11287,46
11289,76
11298,100
11299,48
11304,119
11306,20
11310,106
11312,40
11317,57
11319,92
1132,68
11320,86
11323,65
1134,43
11345,56
11348,48
11349,71
1135,103
11350,74
11357,124
1136,31
11362,70
11366,63
11369,17
11375,63
1138,49
11384,93
11387,79
11395,51
114,35
11403,61
11406,57
11409,60
11436,27
11441,49
11447,77
11449,72
1145,112
11450,105
11453,81
1146,62
11469,120
11480,32
11481,87
11489,78
11490,86
11500,57
11508,101
11517,107
11519,47
11526,74
11529,111
11539,99
11540,73
11543,51
1155,82
11558,118
11559,19
11562,49
11563,0
11566,81
11567,30
1157,84
11570,31
11571,33
11573,102
11580,43
11587,97
11596,77
11597,27
11607,82
11618,19
1162,32
11622,4
11625,99
1163,98
11632,65
11633,26
11637,21
11639,68
1164,91
11641,80
11642,50
11650,7
11656,4
11667,72
11668,49
11671,26
11674,13
11678,77
11679,119
1168,124
11684,33
11686,3
11690,16
11691,32
11694,17
11698,32
11699,28
11712,119
11713,85
11716,62
11727,89
11729,13
11737,94
11744,27
1176,102
11765,63
11768,100
11774,30
11780,48
11781,0
11784,37
1181,98
11810,18
11815,79
11819,2
11827,53
11829,56
11835,1
11836,8
11839,70
11841,49
11844,33
11845,92
11846,125
11850,53
11852,103
11867,15
11868,42
11878,33
11881,123
1189,33
11890,109
11893,104
11898,53
11909,61
11912,90
11914,96
11917,121
1192,20
11922,82
11928,85
11937,44
1194,79
11946,93
11947,42
11950,59
11963,125
11966,105
11967,122
11973,84
1198,99
11981,1
11984,33
11988,10
1199,88
11996,1
1200,18
12002,118
12005,107
12011,53
12015,22
12016,14
12018,40
12023,43
1203,125
1204,56
12040,100
12041,3
12044,35
12045,41
12048,93
12054,56
12065,37
1207,120
1208,83
12080,125
12088,104
12089,74
12090,105
12091,81
1210,93
12100,95
12107,42
12131,37
12137,95
12156,118
12160,99
12161,71
12162,11
12174,60
12179,78
12181,3
12199,96
12209,125
12210,101
12213,27
1222,67
12224,16
12230,11
12234,73
12237,10
12238,9
12246,74
12247,17
1225,4
12255,48
12256,2
12257,118
12260,56
12261,78
12263,53
12265,71
12277,124
12278,48
12283,95
12288,14
12298,120
1230,44
12301,1
12305,22
12306,2
12309,63
12310,71
12311,44
12315,31
12317,113
12319,110
12325,12
12327,16
12331,51
12334,16
1234,113
12342,35
12343,116
12344,24
12346,67
12361,119
12365,24
12366,29
12368,32
12370,27
12373,89
12382,18
12388,55
1241,91
12411,78
12423,38
12427,51
12433,121
12435,112
1244,0
12444,19
12451,50
12458,37
12459,119
12463,103
12468,88
12471,120
12472,90
12476,1
12477,99
12482,107
12483,91
12490,78
12497,61
12498,111
12500,102
12503,92
12508,125
12511,31
12512,66
12528,17
1253,56
12531,117
12533,32
12534,38
1255,29
12550,71
12555,31
12557,43
12561,79
12563,120
12566,77
12569,111
12572,52
12576,93
12577,11
12583,91
12591,87
12595,50
12611,94
12621,26
12632,0
1264,26
12647,34
12648,69
12651,75
12653,64
12654,4
12660,53
12662,110
12666,35
12669,105
1267,92
12674,3
12678,85
1268,75
12680,118
12683,6
1269,113
12690,64
12698,89
12703,4
12707,95
12708,92
12709,40
12717,78
12719,35
1272,50
12721,82
12725,56
12736,13
12739,33
1274,8
12741,81
12742,82
12749,8
12754,6
12757,74
12760,68
12763,106
12764,63
12767,79
12768,58
12769,90
12770,103
12771,97
12778,27
12782,105
12788,32
12789,74
12791,105
12796,95
12797,108
128,73
12814,0
12822,87
12823,38
12825,48
12833,118
12837,42
12839,80
12841,30
12842,73
12843,88
12845,33
12846,68
12847,63
12850,50
12858,5
12863,5
12866,125
12867,84
12868,63
1287,49
12874,14
12880,15
12888,67
12891,56
12898,99
12899,110
1290,92
12904,59
12913,92
12919,3
12920,56
12924,0
12927,72
12944,24
12946,6
12950,77
12951,94
12957,116
12958,111
12959,46
12967,62
12968,61
12975,121
12981,47
12983,35
12995,66
12997,87
12998,50
13,52
13000,45
13004,37
13024,40
13029,118
13032,3
13034,75
13038,21
13040,111
13043,62
13046,52
13048,123
13049,44
1305,109
13060,5
13061,97
13062,79
13068,66
13071,64
13072,87
13081,107
13084,123
13085,107
13089,119
1309,0
13090,43
13093,91
13100,91
13105,7
13109,29
13111,63
13114,121
13116,29
1312,116
13125,108
13127,30
13128,13
1313,122
13134,3
1315,107
13151,76
13155,93
13164,115
13168,121
1317,21
13173,34
13174,24
13177,59
13183,47
13184,4
13187,39
13188,96
13192,38
13193,28
13207,70
13215,29
13216,89
13217,73
13233,115
1324,37
13240,65
13242,91
13244,11
13249,120
13251,57
13255,34
13258,85
13259,4
13271,117
13279,87
13284,119
13288,47
13291,40
13303,116
13304,9
13309,71
13310,115
13316,18
13320,10
13325,87
13327,88
13328,116
13329,106
1333,120
13338,9
13339,58
1335,80
13350,112
13358,59
1336,88
13367,39
13370,81
13374,41
13378,43
13379,58
13380,25
13383,44
13386,15
13387,37
13390,55
13395,73
13399,31
13400,80
13402,24
13409,60
1341,89
13413,70
13415,8
13422,11
13423,74
13424,4
13431,100
1344,29
13442,75
13445,75
13446,76
13447,100
13449,32
13452,0
13455,109
13456,75
1346,55
13460,34
13468,71
13472,108
13480,59
13482,61
13490,55
13495,2
13496,42
13499,99
1350,28
13508,34
13510,16
13517,5
13519,119
1352,124
13522,71
13524,64
13525,51
13546,81
13547,70
13552,71
13559,47
1356,39
13563,101
13566,125
13571,2
13581,12
13583,31
13587,93
13596,107
13597,5
13599,76
136,19
1361,22
13610,116
13615,109
13617,1
13627,93
13633,11
13637,14
13660,6
13664,8
13666,62
13673,77
13677,109
13678,78
13680,112
1369,29
13695,89
13700,4
13707,29
13709,48
1371,59
13715,15
13727,85
13728,58
13739,43
13747,75
13753,4
13756,0
13758,106
13759,1
1376,74
13762,50
13765,47
13766,118
13771,28
13773,2
13778,79
13780,8
13784,96
1379,55
13791,9
13793,10
13799,18
13800,38
13805,16
13809,12
1381,64
13811,20
1382,49
13822,86
13826,97
13831,67
13836,59
13839,124
13843,122
13850,70
13862,99
13863,91
13866,18
13867,53
1387,111
13870,12
13875,99
13878,114
13880,114
13886,123
13889,103
1389,96
1390,95
1391,0
13911,4
13912,3
13914,97
13916,65
13925,41
13931,113
13936,56
13939,95
13940,8
13943,3
13946,64
13955,35
1396,121
13961,35
13966,41
13970,96
13973,79
13975,52
13984,32
13994,46
14002,17
14006,45
14010,100
14020,0
14021,28
14024,73
14028,103
14029,8
14039,105
14042,80
14043,81
14044,1
14045,51
14061,81
14062,3
14069,34
1407,110
14078,20
14079,81
14081,94
14082,8
14083,33
14084,5
14088,7
14094,65
14097,39
14098,88
141,28
1410,43
14105,7
14111,98
14123,115
14125,26
14140,2
14142,106
14143,6
14148,72
1415,118
14150,11
1416,55
14166,14
14171,25
14175,66
14188,44
14192,12
14195,88
1420,6
14200,46
14207,59
14211,34
14214,8
1423,62
1424,30
14244,14
14251,3
14253,123
14259,117
14265,52
14272,84
14275,65
14278,38
14279,60
14282,100
14283,40
14286,93
14292,85
14321,56
14323,111
14328,101
1433,34
14331,19
14339,18
14341,35
14342,52
14347,64
14356,25
1436,107
14360,88
14363,26
14366,91
14367,59
14368,76
14375,35
14377,84
14379,121
14382,109
14389,20
14396,82
14402,98
14409,23
14430,48
1444,78
14444,32
14452,47
14457,66
14461,44
14467,77
1448,119
14482,6
14485,21
14488,119
14490,98
14494,54
14496,101
145,93
14517,41
14520,15
14521,122
14527,94
14531,57
14541,12
14548,123
14554,115
14567,32
1457,21
14586,125
14588,45
14590,32
14591,6
14597,111
14607,52
1461,17
14611,13
14616,39
14625,1
14627,105
14630,75
14632,66
14638,79
14642,21
1465,62
14650,3
14654,109
14658,53
1466,81
14661,80
14664,120
14665,75
14667,80
14673,76
14675,41
14680,43
14689,10
14692,89
14705,37
14706,32
14707,119
14718,114
14722,90
14747,29
14748,99
14750,34
14753,86
14755,36
14756,78
14758,6
14761,101
14769,110
14778,101
1478,35
14786,25
14787,53
14797,101
148,50
14803,44
14807,7
1481,60
14810,70
14816,36
14826,70
14829,104
14840,6
14848,35
14849,0
14850,73
14852,102
14856,84
14860,42
14861,122
14862,74
14866,70
1487,119
14870,80
14871,37
14880,70
14881,44
14886,5
14887,3
14894,25
14895,56
14900,101
14909,73
14910,123
14911,103
14914,52
14920,20
14922,110
14924,74
14932,68
14933,72
14943,20
14946,77
14947,81
1495,57
14955,12
14957,111
14975,94
14977,15
14978,72
14980,83
14981,50
14991,104
14995,42
14999,109
15004,59
15011,8
15013,58
15015,31
15018,41
1503,10
15035,19
15040,64
15044,21
15046,115
15056,31
15059,96
15064,98
15075,1
15076,73
15086,114
15088,91
15089,62
1509,80
15093,32
15096,61
1510,117
15114,28
15120,68
15133,104
15139,67
15149,10
15153,84
15155,36
15156,74
15157,36
15165,69
15166,2
15167,110
15171,5
15173,66
15176,56
15179,26
15180,17
15181,9
15185,78
15194,42
15203,43
15226,125
15228,114
15234,94
15235,66
15236,9
15239,115
1524,122
15240,29
15242,8
15246,62
1525,107
15257,25
15273,61
15278,65
15279,21
15282,20
15284,83
15285,91
15286,49
1529,63
15290,67
15296,89
15298,57
15304,9
15309,58
15312,118
15313,7
15317,70
15318,79
1532,73
15320,91
15321,4
15322,95
15334,96
15336,1
15337,8
15341,110
15348,101
15354,3
15355,119
15357,60
15360,61
15362,115
15376,87
15377,118
1539,81
15390,123
15397,82
15399,9
15402,48
15403,2
15404,75
15411,42
15416,113
15423,39
15427,13
15437,82
1544,124
15441,106
15443,50
15454,71
15468,12
15469,102
15473,33
15474,88
15476,16
1548,118
15481,103
15482,65
15494,34
15501,61
1551,94
15516,104
15532,111
15537,73
15539,35
15540,21
15543,4
15545,49
15546,13
15548,45
15559,53
1556,55
15561,98
15562,102
15570,25
15571,103
15580,9
15582,75
15588,24
15595,28
15597,47
15598,81
156,83
15600,40
15602,101
15605,87
15606,35
15609,28
15616,22
1562,64
15625,98
15628,49
15631,82
15633,20
15636,94
15637,28
15638,105
15650,88
15652,91
1567,85
15698,40
15702,104
15708,16
15719,79
15721,124
15726,18
15731,14
15740,85
15741,125
15746,37
15748,13
15750,109
15758,101
15760,91
15762,82
15769,95
15771,67
15777,50
15779,64
1578,103
15781,32
15790,52
15791,112
15798,24
15799,52
15802,49
15804,98
1581,66
15812,69
15814,52
15816,25
15817,33
1582,8
15820,50
15823,25
15824,47
15825,119
15828,41
15830,2
15834,77
15840,19
15852,93
15874,52
15877,30
15881,0
15896,104
15898,9
15900,74
15901,68
15904,108
15905,43
15911,93
15913,124
1592,107
15926,32
15936,91
15943,36
15944,31
15956,90
15957,39
15964,53
15969,18
15974,66
15976,12
15979,56
15985,53
15989,77
15991,4
15998,97
16000,58
16004,49
16005,123
16011,91
16023,104
16029,97
1603,44
16031,63
16037,102
16041,11
16054,86
16055,110
16057,97
16061,23
16062,121
16064,89
16067,87
16069,106
16072,114
16077,44
16086,39
16095,77
16099,74
16101,76
16106,39
16110,15
16115,108
16116,97
16120,103
16124,114
1613,45
16141,66
16143,13
16145,110
16146,78
16149,5
16151,2
16152,119
16155,32
16156,61
16158,100
16161,77
16166,101
16170,83
1618,36
16182,42
16187,65
16198,94
16199,7
162,48
16217,87
16219,73
1622,45
16234,107
1624,37
16240,68
16242,99
16244,54
1625,47
16250,33
16252,19
16253,60
16255,49
16258,72
16264,100
16271,37
16272,34
16279,3
16282,30
16285,18
16288,11
16291,95
16292,12
16295,73
16297,33
163,76
16305,46
1631,108
16315,14
16317,13
16319,97
16338,95
16342,30
16343,47
16356,59
16357,97
1636,3
16371,46
16372,59
16373,17
16379,98
16383,78
16386,82
16388,89
16389,14
164,54
16405,114
16413,49
16417,41
16418,90
16425,59
1643,38
16432,28
16433,66
16434,62
16436,43
16437,34
16440,120
16452,18
16453,19
16459,120
16463,41
16465,28
16467,106
16471,125
16472,14
16481,64
16489,33
1649,33
16493,29
16499,61
16506,62
16511,67
16536,82
16538,62
16544,104
16546,17
16547,71
16555,17
16557,22
16558,117
16560,100
16561,26
16562,70
16565,58
16568,113
16578,102
16588,89
16595,122
16596,37
16597,115
16598,8
16599,81
1660,3
16610,47
16611,123
16614,6
16617,30
16622,91
16631,1
16637,14
16638,58
16639,54
16642,31
16644,118
16650,124
16655,27
1666,121
16666,86
16669,58
16676,84
16683,25
16684,50
16685,62
1669,80
16690,97
16693,41
16694,40
16702,53
16706,63
16709,86
1671,2
16710,47
16714,40
16715,71
16716,32
16727,15
16728,24
16729,34
16735,112
16739,16
16746,15
16753,94
16757,28
1676,110
16765,62
1677,88
16775,114
1678,19
16790,45
16810,10
16814,124
16816,97
16818,109
16821,7
16827,110
16830,38
16833,39
16835,124
16836,50
1685,81
16850,77
16863,97
16864,36
16865,0
16871,70
16879,72
16893,87
16897,20
16899,67
16900,78
16908,19
16912,67
16916,107
16918,2
16923,75
16924,81
16933,25
16934,66
16935,82
16937,121
16946,56
16947,13
16959,123
16964,53
16968,75
1697,112
16979,120
16994,10
16997,123
170,11
1700,81
17004,2
17006,26
17012,84
17030,11
17035,37
17036,109
17040,90
17044,32
17047,86
1705,94
17055,1
17059,76
17060,87
17065,84
17067,101
17072,20
1708,58
17082,44
17087,70
17088,27
17090,44
17091,86
17092,73
17094,76
17101,109
17111,38
17114,57
17118,125
17123,116
17129,48
17137,98
17139,16
17140,45
17141,29
17148,4
17151,117
17156,57
1716,84
17160,36
17165,27
17172,20
17175,38
17180,125
17186,20
17187,27
17192,20
17197,73
17207,27
17208,31
1721,44
17213,35
17215,54
17216,9
17221,32
17226,10
17227,10
17229,100
17230,90
17231,114
17238,112
17245,28
17247,22
17254,50
17257,102
17259,41
17262,4
17271,125
17272,120
17274,104
17281,112
1729,16
17304,79
17311,52
17312,81
17319,4
17323,111
1733,21
1734,124
17343,90
17349,52
17359,7
1736,60
17363,98
1737,104
17372,26
17373,65
17374,74
17375,38
17376,75
17381,79
17382,13
17391,67
17393,120
17396,73
17407,113
17412,43
17429,48
17433,96
17434,24
17435,52
17439,98
1744,69
17443,113
17448,53
1746,78
17464,27
17465,57
17494,48
17496,73
17504,79
17512,116
17525,61
17530,88
17547,108
17556,2
17558,94
17560,62
17562,27
17565,83
17567,90
1757,62
17583,40
17584,108
17586,123
17588,31
17591,57
17597,122
17598,16
176,4
17600,86
17614,8
17616,125
17625,33
17628,10
17639,52
1764,77
17641,82
17648,26
17650,39
17655,96
17657,119
17659,39
1766,79
17666,103
17670,62
17682,88
17684,41
17696,58
17702,22
17703,20
17707,80
17709,67
1771,107
17715,14
17725,87
17730,42
17736,61
17744,7
17745,5
17747,88
17749,1
17751,44
17752,113
17757,25
1776,118
17760,92
17764,51
17769,10
17770,103
17772,93
17773,0
17777,73
17778,84
17780,52
17784,66
17793,97
1780,81
17800,21
17802,60
17808,117
17809,102
17810,82
17820,6
17826,97
17829,34
17835,29
17845,12
17857,58
17858,12
17864,76
17866,119
17868,13
17871,52
17872,2
17882,82
17887,92
17888,9
17891,64
17897,108
179,81
17909,120
17910,122
17911,11
17921,118
17926,99
1793,7
17930,118
17932,125
17933,101
17934,84
17943,114
17948,36
17955,31
17956,6
17958,39
1796,68
17962,69
17968,111
17971,59
17983,33
17985,10
17988,95
18003,28
18007,116
18011,36
18013,67
18015,4
18024,89
18025,46
18027,2
18030,65
18031,27
18037,122
18040,47
18042,116
18043,37
18060,37
18064,45
18067,103
18071,4
18076,71
18082,102
18087,107
181,85
1810,83
18100,80
18108,45
1812,104
18122,88
18123,55
18124,37
1813,65
18131,82
18133,0
18134,67
18140,94
18161,54
18167,60
18172,21
18181,11
18182,125
18184,112
18192,63
18198,57
1820,103
18202,116
18204,2
18208,49
18212,71
18220,42
18223,3
18226,62
18231,30
18232,9
18246,20
1825,0
18250,79
18256,97
18257,119
18268,14
18269,124
18270,26
18275,122
18278,89
18280,0
18296,32
1830,81
18303,15
18304,67
18307,71
18325,58
18328,7
18329,54
1833,90
18337,70
18342,119
18343,88
18349,5
18350,106
18354,8
18365,47
18367,118
18369,5
18381,40
18396,8
18400,120
18407,107
18409,121
18428,42
18436,3
18452,38
18453,40
18456,39
18463,41
18465,92
18466,61
18469,33
1847,18
18475,92
18481,64
18483,86
18485,98
18500,50
18504,88
18508,107
18512,28
18520,109
18523,0
18527,22
18529,76
18538,106
1854,78
1855,92
18557,82
1856,30
18561,7
18569,100
18590,31
18591,109
18595,29
18597,21
18602,76
18603,117
18604,69
18605,0
18606,51
18610,0
18612,47
18613,89
18627,90
18628,109
18629,74
18638,44
18639,101
18659,87
18667,52
18676,97
1868,68
18685,33
1869,39
18700,46
18702,76
18703,74
18705,20
18706,74
18715,43
18723,0
18738,115
18743,103
18750,49
18757,27
18762,95
18768,9
18775,97
18781,16
18790,105
1881,5
18810,70
18816,35
18819,89
18831,65
18837,66
18838,3
18843,116
18847,51
18850,3
18852,100
18856,68
18858,0
1886,5
18862,10
18868,106
1887,67
18872,57
18875,89
18877,21
18883,58
18884,16
18886,115
18887,44
18890,6
18893,19
18894,89
18899,8
1890,55
18900,18
18902,49
18919,64
18920,63
18922,83
18926,50
18929,66
1893,30
18930,6
18936,52
18940,109
18942,109
18943,84
1895,108
18954,41
18955,113
18956,93
18959,31
1896,47
18960,24
18962,70
18968,119
18974,80
18990,36
18991,93
18994,50
18997,3
19003,14
19005,105
19006,31
19021,92
19023,71
19028,36
19035,19
19038,87
19043,108
19044,110
19048,55
19056,85
1906,1
19060,22
19062,100
19064,1
19065,56
19066,7
19068,23
19069,28
19073,49
19077,113
19081,71
19095,45
191,51
19100,111
19108,49
19110,88
19115,124
19117,80
1912,48
19125,48
1913,64
19142,20
19144,57
19145,30
19150,74
19151,67
19155,58
1916,35
19160,60
19163,1
19169,87
19176,37
19192,2
19195,9
19201,38
19202,62
19213,86
19214,34
19226,84
19227,120
19242,112
19257,84
19258,101
19264,32
19265,25
19268,71
19270,68
193,17
19306,72
19312,108
19316,119
19317,101
19318,77
19319,13
1932,14
19321,7
19324,119
19325,15
19333,102
19337,86
19340,2
19341,120
19344,114
19349,89
1935,89
19350,58
19351,37
19357,77
19361,62
19367,59
19374,19
19377,121
19385,61
19386,52
19392,112
19393,110
19402,21
19410,109
19414,37
19421,61
19424,86
19425,116
19433,66
19434,104
19445,40
19451,91
19465,17
19479,83
1948,105
19485,52
19487,77
19491,26
19492,23
19493,103
1950,45
19508,82
19514,88
19518,89
19535,2
19536,29
19540,117
19551,17
19553,102
19555,114
19556,102
19559,34
19563,17
19564,52
19566,109
19579,72
19585,105
19589,47
19592,11
19595,89
19596,101
19604,90
19607,112
19611,60
19618,84
1962,102
19621,63
19628,26
19632,101
19638,103
19644,10
19655,27
19658,62
19663,7
19666,120
19673,109
19678,65
19685,52
19689,112
19690,118
19691,76
19702,85
19706,41
19708,73
1971,1
19710,83
19713,100
19721,0
19726,9
19733,103
19739,105
19749,96
19757,25
19759,58
19763,36
19764,7
19766,121
19769,53
19778,97
19781,6
19785,88
19787,111
19793,112
19798,34
19802,58
19808,68
19810,110
19817,23
19825,99
19826,14
19831,88
19832,26
19839,20
19844,100
19846,103
19847,35
19851,108
19853,106
19855,23
19859,34
1986,56
19860,91
19861,37
19865,38
19882,26
19885,100
19886,30
1989,57
19891,107
19892,12
1990,107
19917,27
19922,90
19923,26
19927,87
19929,33
1993,31
1994,105
19943,89
19958,82
19963,89
19968,37
19974,87
19978,121
19980,96
19984,74
19988,41
19991,123
19994,98
2000,86
20000,50
20012,97
20013,39
20017,118
20019,106
2002,14
20020,1
2003,107
20034,3
20047,42
20058,57
20060,76
20062,67
20063,85
20066,32
20073,121
20079,56
20082,8
20085,84
20090,22
20098,25
20099,0
201,49
20100,0
20107,14
20111,31
20117,113
20118,69
20119,72
20125,7
20138,42
20151,57
20158,121
20160,110
20161,66
20165,94
20170,84
20177,24
2018,14
20180,35
20182,65
20190,77
20191,57
20194,58
20195,108
20207,93
20212,0
20220,115
20234,80
20237,81
20241,84
20246,22
2025,71
20252,92
20254,38
20257,33
20266,108
20274,70
20275,81
20278,68
2028,111
20280,59
20282,7
20283,58
20285,4
203,123
20300,96
20307,63
2031,38
20311,37
20314,98
20315,84
20322,69
20326,69
2033,107
20332,125
20333,37
20338,45
20340,7
20344,53
20345,46
20346,80
20349,11
2036,45
20370,20
20378,97
20384,69
20392,124
20393,48
20400,54
20401,53
20412,61
20417,121
20430,111
20434,83
20439,88
20441,83
20444,73
20460,119
20461,42
20471,101
20475,69
20479,99
2049,104
20491,22
20524,26
20529,14
20534,23
20535,84
20538,5
20542,50
20543,97
20550,58
20552,0
20555,2
20558,96
20569,112
20584,59
20586,43
20587,14
20589,4
2059,68
20593,70
20595,114
20598,65
2060,5
20600,64
20601,96
20608,89
2062,15
20620,67
20623,105
20628,19
20638,63
2064,101
20640,78
20643,30
20645,13
20650,125
20655,123
20656,71
20660,6
20669,0
20679,112
20687,79
20692,40
20699,92
20702,45
20715,34
2072,44
20723,44
20725,122
20731,67
20738,5
20740,106
20742,12
20747,66
2075,18
2076,118
20778,101
20779,113
20785,0
20789,92
20790,21
20793,29
20798,83
2080,53
20804,56
20805,83
20811,90
20816,101
2082,18
20821,5
20829,8
20831,112
20833,50
20834,114
20836,118
20837,42
20839,118
20841,6
20842,13
20846,51
20849,32
20853,111
20854,57
20861,83
20863,111
20866,43
20868,9
20871,45
20875,37
20877,115
20878,40
20882,54
20884,79
20893,106
20896,42
20898,116
209,76
20906,116
20908,106
20911,5
20912,54
20917,50
20928,114
20934,38
20939,55
2094,10
20944,84
2095,56
20950,75
20951,121
20954,114
20958,23
20962,90
2097,81
20972,35
20983,64
20990,15
21013,22
21019,41
21022,33
21026,38
21027,111
21030,80
21032,68
21040,116
21046,77
2106,38
21065,109
21070,124
21082,59
21087,86
21088,34
21090,96
21091,20
21095,38
21096,3
21097,60
211,31
21104,113
21115,23
21119,104
21120,69
21121,39
21122,70
21123,6
21126,39
21128,31
21148,102
21150,48
21152,32
21153,8
21160,11
21164,121
21166,36
21176,39
21179,113
21180,97
21184,48
21185,58
21197,60
21198,37
212,38
21200,101
21202,78
21205,47
21206,7
21210,17
21219,59
21220,71
21224,54
21226,123
21232,99
21240,68
21243,34
21245,10
21249,101
21250,103
21257,110
21259,10
21263,40
21265,57
2127,10
21274,29
21275,68
21279,110
2128,37
21287,33
21293,58
21294,100
21297,26
21301,94
21316,122
21320,49
21329,45
21335,41
21336,27
21337,34
21338,113
21339,28
21340,123
21344,24
21345,122
21346,103
21349,121
21352,27
21353,106
21369,116
21370,109
21374,14
21380,85
21383,102
21387,75
2139,43
2140,59
21408,77
2141,56
21410,77
21413,103
21414,52
21418,79
2142,59
21424,62
21426,16
21428,65
2143,17
21430,90
21431,95
21436,72
21437,107
21458,62
21459,75
21467,55
21469,92
21473,30
21480,20
21484,21
21489,89
21503,105
21505,15
21509,31
21512,41
21517,122
2152,31
21543,48
21549,106
2155,15
21559,122
21567,83
21570,47
21591,12
21593,84
21595,20
21602,12
21606,8
21607,125
21611,102
21614,56
21622,106
21625,31
21627,32
2163,6
21638,120
21639,89
21644,85
21645,83
21650,71
21651,77
21654,106
21657,46
21659,107
21662,104
21663,7
21664,113
21669,62
21670,87
21673,40
2168,28
21684,49
21691,93
21698,41
21709,8
2171,6
21723,114
2173,50
21732,43
21739,97
21741,71
21742,114
21750,16
21754,15
21770,27
21774,19
21779,100
21780,9
21797,98
21799,59
218,75
21808,102
21811,91
21814,124
21815,29
21820,78
21824,18
21825,115
2183,122
21833,112
21840,74
21841,62
21842,93
21844,65
21847,99
21850,98
21851,94
21857,4
21865,91
21878,35
21879,91
21882,19
21883,16
21886,63
21898,100
219,125
21900,52
21903,75
21908,113
21909,21
21915,31
21917,25
2193,25
21930,63
21944,102
21949,68
21953,102
21957,74
21963,14
21973,78
21975,0
21979,61
21984,25
21985,61
21987,109
2199,118
21998,95
22002,89
22008,48
22014,28
22019,68
22022,31
22024,123
22026,35
22027,62
22029,72
22033,75
22035,53
22041,125
22051,116
22052,37
22054,116
22059,112
22063,97
2208,48
22081,9
22087,116
22089,33
22090,59
22098,30
22107,113
22111,102
22122,30
22127,60
2213,6
22132,7
22133,26
22150,39
22151,113
22157,20
22164,54
22165,94
22168,89
22171,50
22172,93
22195,40
22200,22
22204,28
22205,120
22209,33
2221,64
22210,5
22211,123
22213,14
22227,83
22247,54
22251,32
22254,53
22257,35
22266,47
22275,17
22280,21
22281,76
22287,50
22288,87
22290,122
2230,111
22300,106
22302,114
22303,110
22304,18
22307,115
22312,79
22315,100
22317,51
22319,57
2232,15
22323,1
22326,102
22329,59
22338,110
22342,29
22346,10
22348,39
22349,106
22356,69
22358,125
22359,115
22362,97
22363,70
22369,86
22371,97
22372,115
22386,55
22390,15
22392,37
22396,114
22397,85
22403,88
22408,121
22413,52
22420,49
22422,40
22423,15
22424,101
22427,52
22428,112
22432,24
22437,57
22438,36
22444,106
22449,76
22453,80
22460,86
22463,100
22464,116
22466,47
22470,113
22472,117
22475,56
22476,95
22487,84
22490,5
22491,106
22492,114
22494,98
22497,46
225,69
2250,30
22503,86
22506,93
22507,63
22512,22
22513,34
22518,11
22523,19
22526,62
22527,20
22532,56
22533,15
22534,76
22536,17
2254,103
22540,85
22541,27
22552,71
22557,107
22559,125
22566,43
2257,80
22579,93
22583,109
22589,55
2259,84
2260,81
22605,31
22611,101
22616,18
2262,76
22621,94
22622,45
22625,68
22626,48
2263,122
22631,107
22633,31
22644,122
22650,77
22668,64
2267,75
22670,98
22672,77
22688,99
22692,46
22697,56
22708,99
2271,57
22718,60
22719,111
2273,19
22731,94
22737,98
22744,25
22746,68
22755,99
22756,51
22759,122
2276,87
22767,65
22776,3
22778,42
22781,81
22784,78
22787,44
22788,1
22789,23
22791,1
22793,105
22796,123
22799,114
228,23
2280,60
22804,22
22809,60
22813,118
22816,66
22822,48
22827,104
22830,105
22840,102
22852,75
22858,7
22859,97
2287,98
22875,39
22882,49
22884,112
22899,57
22902,80
22906,38
22909,60
22916,77
22923,102
22928,108
22934,29
22941,79
22953,83
22954,99
22961,64
22973,106
22976,97
22980,63
22982,109
22983,112
22986,55
22993,29
22995,124
2300,43
23000,11
23009,22
2302,41
23023,88
23025,103
23033,10
23040,5
23045,111
23048,54
23052,64
23056,78
23058,15
23059,119
2306,62
23066,80
23076,54
23077,7
23082,25
23089,91
23101,96
23109,36
23112,8
23119,21
23122,122
23123,112
23131,71
23139,72
2315,124
23150,108
23152,80
23159,17
23160,46
23173,95
23179,30
23185,22
23188,104
23197,42
23199,55
23202,36
23209,35
2321,51
23213,49
23219,21
2322,56
23220,65
23222,67
23227,60
23231,97
23233,10
23241,86
23242,85
23244,114
23253,109
23254,89
23256,91
23263,112
23265,114
23267,15
23276,61
23277,42
23282,79
23285,69
23286,23
23287,54
23290,22
23292,58
23298,89
233,97
23302,71
23313,122
23317,14
23332,3
23337,69
23339,125
23345,45
23346,75
23349,114
2335,33
23353,26
23371,107
23381,11
23385,82
23386,125
23387,34
23388,18
23389,33
2339,31
23390,87
23391,96
23396,11
23397,87
23403,28
23404,42
23406,5
2341,23
23413,1
23414,117
23429,66
2343,52
23440,28
23449,8
23462,49
23469,34
2348,56
23481,32
23483,111
23490,88
23494,123
23497,123
23501,55
23504,85
23505,89
23510,114
23524,24
23529,48
23534,66
23542,3
23552,118
23557,9
23559,17
23566,67
23568,5
23576,78
23578,27
23583,60
23588,109
23595,76
23600,99
23603,79
23605,53
23619,93
23621,5
23631,43
23632,29
23635,69
23641,8
23644,89
23647,79
23648,80
23656,72
23660,75
23662,54
23666,6
23669,33
23672,106
23680,61
23692,14
23695,79
23696,125
23697,71
23701,35
23704,107
23707,6
23708,9
2372,110
23728,16
23729,96
23735,70
23742,60
23747,12
23749,117
23756,63
23768,66
23773,24
23776,15
23779,13
2379,14
23802,95
23803,124
23804,81
23812,4
23813,22
23823,33
23826,81
23832,8
23835,67
23845,84
23847,5
23848,124
23851,38
23853,13
23858,88
23866,25
2387,6
23873,83
23874,41
23875,31
23878,74
23887,106
2390,14
23900,16
23912,56
23913,79
23924,74
23930,45
23936,90
23942,1
23946,48
23949,105
23953,19
23954,15
23957,56
23959,42
23961,52
23962,105
23967,77
2397,22
2398,32
23980,125
23982,92
23983,2
23986,49
23987,120
23991,111
23999,28
24005,27
24015,58
24017,113
24018,52
24021,56
24022,70
24029,83
24036,88
24046,92
24050,100
24054,42
24059,116
2406,73
24062,60
24065,100
24066,15
24069,5
2407,64
24073,122
24074,91
24078,57
24087,82
2409,86
24090,76
24092,86
24097,9
24098,120
24103,39
24107,63
24125,108
2413,70
24131,51
24135,5
24137,120
24141,2
24148,5
24158,113
24159,6
2416,69
24165,30
24167,90
2417,13
24173,108
24178,123
24180,82
24182,71
2419,24
24195,115
24196,65
24201,61
24202,22
2421,121
24213,91
24218,32
24223,2
24224,68
24235,48
24236,29
24249,56
24257,70
24260,58
24263,3
24271,52
24276,56
24277,19
24282,45
24284,51
24296,100
24301,67
24307,41
24308,6
24309,95
24313,40
24324,82
24325,102
24326,51
24330,84
24335,47
24336,57
24338,3
24342,16
24344,24
24347,13
2435,99
24351,62
24352,90
24362,64
24364,68
24366,86
24369,79
24372,57
24376,120
24391,65
24392,2
24408,79
2441,28
24413,91
24414,38
24421,119
24429,83
24430,98
24434,86
24437,14
24440,28
24446,98
24447,38
24448,59
24450,81
24453,35
24455,80
24456,69
2446,52
24462,114
24466,84
24467,27
24473,109
24479,63
2448,103
24487,42
24495,119
245,115
24502,55
24505,36
24509,70
24511,80
24518,44
2452,90
24526,51
24529,26
24533,41
24544,14
24552,98
24557,109
2456,30
24562,69
24568,6
2461,51
2465,71
2473,122
2477,0
2482,24
2497,20
2499,15
2501,73
2515,39
252,112
2523,15
2529,9
2530,27
2536,42
2537,23
2538,68
2543,30
2544,19
2550,42
2571,67
2572,121
2574,95
2581,98
2584,56
2604,19
2609,60
2612,25
2614,29
2623,98
2626,15
2629,43
2646,10
2648,27
2653,115
266,111
2663,44
2664,107
2674,85
268,27
2695,108
2696,25
2697,119
27,91
2705,82
2708,64
2713,36
2726,103
2733,24
2734,75
2736,59
2738,80
2739,60
2754,61
2762,41
2768,1
2778,43
2789,55
279,118
2793,40
2795,12
2796,56
2802,15
2809,0
2819,94
2820,4
2822,2
2824,26
2826,95
2827,117
2832,38
2843,44
2844,25
2856,70
2866,116
2867,30
2877,42
2889,57
2891,19
2894,29
2896,104
2906,108
2911,23
2915,103
292,22
2920,47
2928,69
2942,104
2958,23
2962,38
2964,68
2969,62
2974,10
2984,36
2986,59
2992,112
2996,102
2999,95
300,18
3000,101
3002,87
3004,63
301,85
3013,74
3016,99
3023,33
3027,107
3028,111
3031,25
3037,61
3039,39
304,90
305,56
3058,104
306,87
3061,18
3064,84
3071,71
3073,17
3083,8
3085,100
3090,82
31,111
3107,46
3122,63
3123,41
3125,5
3126,47
3127,24
3136,93
3144,86
3148,68
315,90
3151,99
3153,81
3159,81
316,28
3171,4
3174,76
3178,93
3180,44
3182,89
3189,85
3196,40
320,118
3204,64
3207,23
3212,99
3215,124
3224,14
3233,110
3234,5
3235,31
3237,87
3240,69
3249,4
3253,71
3255,117
3258,78
3269,84
327,34
3274,3
3275,56
3276,93
3279,85
3291,110
33,109
330,75
3307,52
3326,40
3331,102
3336,67
3338,115
3347,5
3348,94
3350,55
3356,106
3369,54
337,73
3372,92
3374,55
3375,17
3380,32
3381,116
3385,60
3390,89
3391,123
34,116
3400,87
3406,74
3407,95
3408,9
3425,43
3428,37
3430,124
3444,4
3445,96
3450,44
3455,0
3458,11
3460,115
347,39
3471,14
3477,92
3486,17
3493,26
3496,90
3498,43
3504,47
3509,113
3514,83
3516,15
3521,18
353,102
3530,29
3538,36
3539,98
3547,29
3552,66
3562,102
3567,9
357,32
3572,104
3574,74
3578,116
3583,13
3589,55
3593,82
3594,69
3596,125
3601,99
3602,110
3607,98
3614,82
3618,116
3630,86
3632,111
3633,66
364,52
3640,77
3660,83
3667,93
3674,39
3679,26
3690,25
3691,46
3703,125
3716,12
3719,95
372,45
3727,2
3729,6
373,74
3730,82
3734,76
3735,96
3738,24
3744,36
3748,112
3752,4
376,8
3761,73
3763,61
3769,59
3770,1
3773,63
3782,62
3784,1
3789,105
3794,94
3796,79
380,66
3814,69
382,89
3820,50
3822,70
3828,48
383,115
3833,79
3834,28
3835,21
3839,32
3840,69
3849,61
3852,107
3855,18
3858,53
3859,19
386,114
3863,123
3864,109
3869,52
387,92
3875,38
3882,89
3884,121
3885,58
3887,60
389,28
3897,46
3902,63
3906,47
391,42
3912,116
3924,113
3925,101
3927,106
3934,106
3945,45
395,115
3956,81
3960,118
3965,47
3968,116
3969,96
397,99
398,101
3988,95
399,1
3990,61
3995,49
3996,53
3998,28
4000,83
4002,91
4011,21
4015,9
4017,55
402,21
4025,42
4026,29
403,59
4034,63
4035,4
4042,119
4044,55
4045,9
405,37
4063,90
4064,32
409,96
4093,74
4096,51
4098,95
41,123
410,65
4100,113
4103,122
4105,53
4109,103
4117,106
4118,80
412,0
4121,10
4129,66
4148,71
4152,20
4156,108
416,121
4161,84
4164,18
4168,104
4171,98
4183,121
4189,103
4193,94
422,35
4222,91
4234,95
4235,49
4238,120
4245,65
4251,89
4252,55
4256,25
4257,70
4272,117
4287,106
4288,76
429,111
4291,105
4295,93
4305,0
4306,1
4308,74
4309,121
4316,23
4318,96
4319,23
4320,25
4326,107
4328,17
4333,120
4338,86
4339,7
4341,48
4349,123
4354,18
4356,86
436,23
4364,116
4368,28
4373,70
4383,124
4389,77
4390,45
4391,97
4396,64
440,50
4403,103
4404,115
4417,72
4421,42
4426,82
4429,9
4435,11
4447,59
4457,12
4463,37
4464,54
448,46
4481,63
4482,31
4484,86
4486,112
4489,92
4492,17
4496,38
4499,43
4502,0
4503,113
451,123
4510,102
4514,9
4524,52
453,75
4531,18
4532,51
4535,31
4537,72
454,7
4548,18
4550,30
4554,8
4555,7
4556,13
4562,82
4568,39
4569,20
4573,52
4579,57
4583,110
4584,94
4585,6
4596,57
4601,44
4613,95
4619,19
462,122
463,71
4639,50
4648,101
4652,25
4656,122
4661,83
4663,54
4666,107
4667,28
4669,104
4679,60
468,111
4689,80
4693,46
4694,96
4699,16
4701,22
4704,97
4707,47
4711,69
4713,42
4722,13
4723,95
4728,52
473,111
4731,104
4741,55
4745,22
4749,26
4750,74
4754,111
4755,4
4756,21
476,113
4762,17
4763,105
4781,74
4788,53
4793,28
4802,72
481,120
4813,111
4815,75
4817,29
4818,60
482,100
4820,10
4822,43
4828,72
4834,83
4839,2
4840,67
4847,109
4848,2
4849,107
4863,90
4866,73
4868,3
487,95
4870,44
4874,86
4877,51
4886,83
490,113
4909,80
4915,88
4917,116
4918,52
4920,10
4937,67
4938,89
494,86
4941,69
4944,116
4945,71
4946,66
4949,43
4952,10
4954,116
4956,125
4958,108
496,58
4970,110
4973,116
4975,52
4976,1
499,125
4997,124
4998,110
4999,76
5004,51
501,113
5016,100
5017,45
5020,84
5023,62
5028,29
5029,97
5030,45
5037,76
5042,119
5045,103
5048,88
505,36
5053,16
5056,107
5076,100
5083,43
5087,34
5088,29
509,52
5092,2
5100,6
5101,118
5103,12
5108,102
5112,50
5116,37
5117,17
5123,71
5125,43
5133,103
5135,30
514,73
5142,18
5145,65
5155,31
516,45
5170,35
5176,46
5177,92
5184,55
519,93
5211,101
5223,52
5225,46
5235,11
5238,5
5239,47
5242,30
5254,44
5265,87
527,120
5271,90
5274,18
5275,42
5276,62
5277,65
5279,13
5280,93
5282,77
5285,12
5288,66
5294,61
5295,64
5302,22
5310,123
5312,0
5314,117
532,58
5326,95
5329,119
5332,104
5338,119
5339,58
5344,10
5347,121
5349,113
5350,25
5352,91
5354,21
5358,40
5368,57
5371,96
5374,6
5375,58
5376,25
5377,2
5382,97
5384,70
5387,89
5389,124
5393,18
5400,39
5405,117
5408,120
5412,81
5424,98
5430,82
5431,105
5438,56
544,92
5448,105
5453,47
5454,11
5457,56
5460,1
5461,40
547,1
5474,58
5481,67
5484,92
5489,96
549,1
5490,81
5503,102
5505,67
5511,32
5515,8
5519,27
5524,85
553,35
5547,123
5553,82
5559,29
556,69
5562,77
5563,8
5566,96
5575,33
5577,95
5578,40
5582,12
5583,88
5587,27
5595,87
5597,73
5599,53
5603,8
5604,51
5605,8
5613,110
5617,80
5618,53
5622,7
5624,64
5633,26
5637,115
5638,25
5639,87
5640,45
5645,36
5651,48
5653,9
5657,121
5658,20
567,33
5671,83
5673,74
568,0
5680,90
5690,80
5691,24
5705,108
5717,26
5727,18
5732,11
5737,90
5740,35
5743,12
5749,104
5751,77
5757,97
5760,41
5761,90
5762,74
5772,106
578,75
5781,94
5785,0
5787,123
5789,11
5795,38
5799,42
58,9
5816,58
5825,73
5837,101
584,18
5842,41
5854,97
5856,79
5859,48
586,59
5860,98
5861,64
5862,61
5875,24
5889,96
5892,120
5895,16
5901,101
5913,97
5922,55
5929,124
5930,101
5931,43
5937,51
5943,54
5949,66
5953,3
5957,12
5959,93
5964,6
5969,109
5975,110
5992,70
5994,7
5999,45
600,91
6001,54
6006,58
6008,92
601,37
6010,124
6012,4
6017,88
6028,86
6040,86
6047,99
6050,0
6078,121
6082,121
6088,9
6094,2
61,95
611,43
6116,96
6119,46
6120,10
6123,75
6148,10
6154,68
6157,97
616,76
6161,99
6162,20
6164,31
6174,73
6178,32
6179,104
6187,25
6190,36
6195,88
6200,40
6215,49
6236,44
6238,52
6239,49
6240,7
6241,6
6243,24
6246,78
6248,17
6249,60
625,70
6262,18
627,112
6271,70
6273,13
6284,18
629,36
6290,76
6294,106
6305,51
6306,52
6316,52
6323,115
6336,120
6338,59
6340,15
6341,50
6344,121
6347,41
6351,48
6361,114
6362,68
6363,31
6369,46
637,21
6370,114
6377,19
6378,91
6381,4
6382,114
6384,64
6387,85
6388,76
6389,115
6392,33
6402,24
641,115
6412,108
6418,28
6423,55
6431,65
6434,51
6446,12
6465,105
6468,44
6472,76
6479,118
6480,40
6481,53
649,88
6490,93
6492,61
6506,25
6508,16
651,120
6517,86
6519,112
6529,118
6541,89
655,22
6551,74
6554,119
6555,18
6557,11
6559,85
656,69
6562,100
6566,122
6572,80
6575,63
658,20
6581,50
6588,94
6590,13
6594,0
6610,54
6615,12
662,39
6625,7
6627,30
6632,7
6643,114
6648,66
6656,36
6659,106
666,75
6671,33
6677,14
6682,124
6683,89
6684,7
6687,108
6699,100
6701,99
6709,120
6722,83
6724,85
6725,3
6735,75
6748,74
6755,30
6759,117
676,13
6767,16
6768,87
6770,42
6774,21
6775,113
6778,96
6779,27
6783,81
6785,100
6787,15
6793,14
6804,100
6816,76
6817,20
682,48
6824,85
683,94
6830,75
6831,16
6835,71
6842,89
6844,91
6849,54
6859,110
6861,53
6865,30
6867,95
6868,48
6873,12
6878,11
6879,29
688,9
6887,85
6892,24
6895,55
6898,26
690,14
6915,12
6919,57
692,72
6924,85
6927,36
6929,110
693,5
6934,48
694,113
6944,69
6949,121
695,114
6950,31
6955,49
6958,46
696,123
6961,33
6963,91
6972,108
6974,87
6975,89
6976,8
6991,24
6992,124
6998,114
6999,21
7,81
7003,75
7006,79
7024,73
7027,89
7029,90
7030,62
7048,40
7049,68
7050,91
7051,12
7052,60
7058,51
7060,2
7075,20
7078,21
7089,3
7091,91
7092,46
7094,56
7096,54
71,109
710,38
7104,56
7106,15
7107,59
7114,108
7123,44
7132,66
7137,110
7141,49
7152,69
7154,86
7159,19
7172,44
7178,47
7179,6
718,19
7193,125
7194,6
7195,110
7202,116
7206,15
7216,46
7219,78
7228,105
7229,49
7232,100
7233,26
7234,118
7235,36
7237,122
7240,54
7246,91
725,20
7252,48
7254,30
726,49
7262,68
7265,108
7268,38
7271,78
7281,50
7287,108
7288,64
7290,30
7297,54
7315,115
7320,102
7322,89
7332,41
7341,59
7349,92
7351,51
7355,69
7363,19
7364,83
7366,23
7368,29
7371,97
7373,44
7392,25
7395,47
7397,118
740,106
7406,9
7413,26
7417,82
742,91
7423,80
7424,56
7426,124
743,114
7430,73
7434,72
7435,97
7436,107
7437,24
7439,16
744,47
7442,98
7444,93
7453,16
7457,111
7463,87
7469,13
747,83
7473,17
7474,111
7501,108
7504,121
7515,95
7524,12
753,58
7538,27
7539,17
7547,99
7551,18
7552,2
7554,122
7567,95
7570,19
7572,21
7573,22
7574,109
7576,17
7591,11
7593,47
7608,16
7614,121
7621,115
7624,61
7633,21
7635,57
7643,93
7669,52
7670,31
7678,60
7682,122
7689,3
7694,115
7697,46
7698,78
7699,11
7708,88
7713,92
7715,71
7722,44
774,42
7746,83
776,1
7761,55
7763,8
7766,106
7768,54
7769,118
777,26
7773,40
7775,29
7780,46
7783,34
7787,13
7792,41
7793,40
7798,113
7802,73
7803,22
7804,8
7805,105
7806,58
7809,10
7811,81
7812,82
782,54
7824,40
7833,60
7841,108
7842,73
7848,70
7851,15
7855,27
7856,70
7860,2
7869,110
787,70
7871,83
788,124
7883,97
7888,84
7890,96
7893,70
7898,54
7900,36
7902,22
7904,64
7912,15
7916,49
792,46
7921,81
7922,39
7926,94
7930,91
7933,112
7934,37
7937,21
7941,9
7944,22
7955,8
7956,78
7963,59
7964,11
7966,76
7978,21
798,65
7995,17
80,23
8000,84
8005,23
8015,77
8020,65
8023,72
8028,19
8031,25
804,121
8049,68
8050,11
8053,61
8054,13
8059,100
806,48
8062,47
8063,53
8072,123
8084,62
8095,9
8097,94
8099,66
8100,51
8102,16
8104,22
8105,20
8108,31
8109,61
8110,79
8114,32
8115,54
8117,76
812,60
8129,49
8134,17
8141,90
8144,65
8148,53
8149,54
8151,96
8158,46
816,75
8160,90
8169,43
8170,33
8171,115
8175,30
8178,3
8182,52
8188,7
8197,79
8198,79
8200,64
8202,83
8208,27
8209,114
8211,58
8213,105
8215,115
8218,113
8222,48
8233,99
8239,109
8244,32
8253,91
8260,13
8263,4
8272,110
8278,119
8280,60
8284,62
8292,12
8293,67
8297,73
8308,118
8315,81
8319,25
8324,84
8329,59
8334,87
8335,14
8339,55
834,108
8345,78
8350,30
8358,73
8368,104
8370,88
8373,107
8378,18
8381,15
8397,26
8399,70
8405,85
8406,28
8408,117
8414,87
8415,13
8425,115
8427,80
8434,113
8435,118
8436,63
8442,26
8450,26
8459,45
8468,64
8471,103
8475,124
848,35
8485,47
849,61
8495,4
850,104
8512,59
8516,72
852,122
8522,31
8526,73
8530,79
8531,81
8535,39
8547,40
8548,30
8549,33
8560,111
8573,123
8580,16
8584,20
859,76
8600,21
8607,85
8608,69
8615,64
8617,10
8619,28
8625,104
8629,60
8631,116
8638,63
8642,14
8656,5
8657,54
866,37
8662,44
8665,50
8672,94
8677,54
8682,100
8685,96
8694,123
8697,65
8698,40
8715,16
8717,49
8719,66
8726,111
873,36
8730,87
8734,51
8738,61
8739,119
8741,78
8745,34
8747,110
8748,92
8749,119
8752,35
8764,66
8765,13
8768,53
8772,67
8775,118
8778,75
8779,83
8789,0
8803,105
8804,68
8805,13
8816,50
8820,95
8823,86
8824,55
8825,102
8827,113
8830,44
8833,40
8837,0
8839,23
8842,42
8859,78
8861,119
8865,99
8874,73
8876,4
8879,20
8883,96
8887,53
889,29
8893,125
8897,5
8902,124
8903,110
8911,1
8923,105
8926,11
8928,77
8929,47
8931,6
8935,57
8936,98
8939,18
8944,82
8948,113
8952,25
8956,13
8965,3
8975,38
898,73
899,47
8993,116
90,100
900,29
9002,93
9004,90
9009,13
901,73
9024,114
9025,34
903,10
9030,59
9040,101
9043,97
9047,31
9049,44
9051,35
9056,28
9068,1
907,15
908,50
9080,42
9087,47
9091,104
9104,85
9108,104
9109,89
9119,4
9120,18
9133,78
9139,13
9141,77
9145,16
9146,18
9149,92
9150,82
9152,124
9155,17
9168,2
9171,13
9180,11
919,5
9193,65
9197,41
9204,120
9205,118
9212,105
9219,91
9228,106
923,21
9239,51
924,16
9242,72
9244,16
9245,64
9249,78
925,107
9252,111
9260,89
9269,58
9278,10
9289,85
9292,37
9296,63
9302,34
9303,60
9310,48
9311,12
9313,90
9314,31
9316,62
9324,66
9330,9
9337,54
9338,67
9341,43
9342,61
9346,60
9349,31
9350,110
9351,76
9355,113
9357,34
9358,99
9361,77
9376,30
9379,124
9389,31
9390,117
9392,40
9397,83
9399,92
94,125
9400,94
9402,9
9403,112
9408,43
942,77
9430,16
9434,24
9439,27
9442,40
9447,59
9448,1
9450,114
9455,112
9458,24
9461,22
9462,60
9468,12
9470,78
9471,59
9482,3
9484,64
9495,117
9496,39
9498,75
9510,91
9523,74
9526,105
9527,122
9530,39
9535,100
9537,29
954,104
9543,117
9550,115
9559,92
9566,121
9569,11
957,9
958,80
9585,108
9586,94
9587,59
9595,25
9597,44
9606,12
9610,101
9612,40
9620,34
9626,107
9630,102
9636,54
9646,66
9651,106
9657,24
9659,62
9661,69
9662,99
9671,79
9679,22
9683,54
9695,31
9696,5
9702,35
9713,43
9717,108
972,112
9720,117
9721,109
9723,66
9724,106
9726,92
9727,84
9728,58
9732,91
9733,4
9748,35
9749,73
9751,57
9752,13
9755,94
9757,56
9761,91
9762,111
9768,22
9769,111
9774,112
9777,95
9781,35
9793,79
9798,87
9817,43
982,7
9825,63
9832,56
9839,120
9849,83
9851,85
9852,90
9856,119
9864,113
9866,51
9867,93
9873,70
9875,91
9877,92
9878,40
9888,36
9895,61
9903,16
9906,86
9911,122
992,19
9932,35
9933,106
9945,75
9950,44
9952,93
9953,83
9959,87
996,1
9960,99
9968,30
9973,88
9974,38
9977,48
999,35
9992,111
9993,124
